attachment_id,text,user_id,begin,end,train
4307460d-c76e-4005-b7a7-7ec0dfcc4124,кафе,db573f94204e56e0cf3fc2ea000e5bdc,20,65,True
1c10d212-2bec-4247-ad69-0aa24c9386a2,лить,db573f94204e56e0cf3fc2ea000e5bdc,20,62,True
e4be49cd-b1e0-41de-bde6-777e7bd3877f,откупоривать,db573f94204e56e0cf3fc2ea000e5bdc,26,83,True
2261e462-4678-484f-b6ba-5e772cfbd380,лить,2d84da20c251acaeb3186642fcb04f2e,2,31,True
5c146f1b-8616-4dea-b971-271001d9f910,закуска перед едой,2d84da20c251acaeb3186642fcb04f2e,0,39,True
f0791297-0b38-4436-a6cf-d095e3756308,кормить,db573f94204e56e0cf3fc2ea000e5bdc,20,67,True
0b66983b-863a-465c-8896-06d4faa42237,окунать,db573f94204e56e0cf3fc2ea000e5bdc,21,85,True
924d93ca-55d4-4e63-8289-88fdaba36a04,бутылка,db573f94204e56e0cf3fc2ea000e5bdc,11,59,True
575f106c-89f7-467d-9a26-3bab6bbb846c,жевать,db573f94204e56e0cf3fc2ea000e5bdc,21,95,True
748610e8-fe03-47dc-b3c6-49ad9e474b79,вкусный,db573f94204e56e0cf3fc2ea000e5bdc,13,56,True
12be3a96-59b1-47a9-8d59-5097a329c990,жадно есть,db573f94204e56e0cf3fc2ea000e5bdc,9,56,True
07d08968-64cc-45f7-a7a6-5bbe5db37570,переваривать,db573f94204e56e0cf3fc2ea000e5bdc,20,103,True
0e527d7f-393b-414c-aa84-b1e6c61df5d2,вкусный,2d84da20c251acaeb3186642fcb04f2e,1,36,True
530cbaa0-c25d-4acd-a6d5-9dcf74491974,MakDonalds,db573f94204e56e0cf3fc2ea000e5bdc,22,78,True
5e4c1970-e6fb-4117-a747-becfdd6d05e3,предложить тост,db573f94204e56e0cf3fc2ea000e5bdc,13,75,True
16644604-7f3a-4569-be64-06677534ec06,аллергия на еду,db573f94204e56e0cf3fc2ea000e5bdc,10,81,True
f597baaf-9d2c-41ea-9fc2-895ea644ba2a,помощник повара,db573f94204e56e0cf3fc2ea000e5bdc,37,126,True
afdbc3a0-6673-4fee-bdcf-e3007f03b923,кубок,db573f94204e56e0cf3fc2ea000e5bdc,23,91,True
8f1e7f50-2fc9-499c-b05f-9a97c4d9eae8,жевать,2d84da20c251acaeb3186642fcb04f2e,0,40,True
0a7c5db9-dd43-41c9-88ce-31a715042a3c,резервирование; бронирование,db573f94204e56e0cf3fc2ea000e5bdc,20,78,True
45260a2d-50fe-4775-aeb0-194b903200b9,аппетит,db573f94204e56e0cf3fc2ea000e5bdc,3,58,True
8b57f62d-4361-46ab-97a6-99b7c7408b29,бутылка,2d84da20c251acaeb3186642fcb04f2e,0,30,True
aca0a032-9b26-4eee-949e-981c653f2022,MakDonalds,2d84da20c251acaeb3186642fcb04f2e,6,40,True
885e15e3-6bf5-4e5d-a434-3883c6c833f7,кафетерий,db573f94204e56e0cf3fc2ea000e5bdc,19,78,True
d28c4830-21ca-40d0-8339-884b32bf61ea,кормить,2d84da20c251acaeb3186642fcb04f2e,0,27,True
f49ba82f-bdbc-47fa-95b0-9558f4761f39,"нежный, мягкий",db573f94204e56e0cf3fc2ea000e5bdc,14,63,True
ff04eb24-3863-4fbe-a2c9-8d42550e2316,прием пищи,db573f94204e56e0cf3fc2ea000e5bdc,11,53,True
4e260391-0c9f-459e-a545-90a1686adbdc,резервирование; бронирование,2d84da20c251acaeb3186642fcb04f2e,0,31,True
e7492532-4204-45c6-99ea-9554237b7108,помощник повара,2d84da20c251acaeb3186642fcb04f2e,0,58,True
1dfe22b4-6d10-48ac-8a27-970ab7ab970e,обедать,db573f94204e56e0cf3fc2ea000e5bdc,14,53,True
874c1aa2-b65d-4837-baf0-e5731218ccba,кусок; тонкими слоями,db573f94204e56e0cf3fc2ea000e5bdc,5,94,True
aebb8684-aba3-4570-a5c7-7d2dc1ef1278,кружка,db573f94204e56e0cf3fc2ea000e5bdc,16,79,True
85e0f6fa-5925-4585-8c60-eb4d81d87239,кусать,db573f94204e56e0cf3fc2ea000e5bdc,16,66,True
20a9be50-2afa-4675-9b71-fdbcd5562f80,вилка,db573f94204e56e0cf3fc2ea000e5bdc,19,75,True
8d0e6663-204c-4177-8911-42935d6c4b3a,делать мелкий глоток,db573f94204e56e0cf3fc2ea000e5bdc,16,74,True
75926cd1-bba7-4a28-a09b-f13f49986e13,ароматный,db573f94204e56e0cf3fc2ea000e5bdc,19,85,True
5367f224-6ab1-44d8-9fc6-2249051898bb,банкет,db573f94204e56e0cf3fc2ea000e5bdc,13,62,True
3d01292e-1bc7-4135-802b-af78f3b9d7ee,заварочный чайник,db573f94204e56e0cf3fc2ea000e5bdc,33,87,True
6798696b-2b4f-4fa0-ae2b-9c2bf58cba1c,глотать,db573f94204e56e0cf3fc2ea000e5bdc,9,49,True
c4305d88-5a76-4118-b4fe-4e2932b391f1,кувшин,db573f94204e56e0cf3fc2ea000e5bdc,20,69,True
8e707f3f-5a6e-4c00-a9e5-7331bac37928,окунать,2d84da20c251acaeb3186642fcb04f2e,5,50,True
a82cbb3f-0280-4141-98a9-b9a60de6520d,ресторан,db573f94204e56e0cf3fc2ea000e5bdc,16,52,True
3af3b1f4-934a-45eb-82ae-98423170c1f4,кусок; тонкими слоями,2d84da20c251acaeb3186642fcb04f2e,8,95,True
ebc51e17-8413-4433-8401-8565060d6f32,переваривание,db573f94204e56e0cf3fc2ea000e5bdc,16,93,True
1e5368ea-4ae9-4fdd-950f-25564ddc37e6,закуска перед едой,db573f94204e56e0cf3fc2ea000e5bdc,11,49,True
bf10961d-b8c1-4834-a1b2-cfaabad8f0d8,жадно есть,2d84da20c251acaeb3186642fcb04f2e,5,69,True
bac01ed9-1008-4e41-9b75-a9f92f987dea,официант,db573f94204e56e0cf3fc2ea000e5bdc,15,67,True
861b5228-5382-47f1-add6-d2a3e8e74ae9,прием пищи,2d84da20c251acaeb3186642fcb04f2e,3,40,True
c955c9f7-c62d-438d-84fb-89d3f1fd01ba,предложить тост,2d84da20c251acaeb3186642fcb04f2e,0,62,True
77fc76f4-ed36-4b35-912d-954924c7c065,заказывать,db573f94204e56e0cf3fc2ea000e5bdc,17,56,True
5edaecd9-73c8-4b10-99c1-89784c0ce4dc,аппетит,2d84da20c251acaeb3186642fcb04f2e,1,69,True
dc99068f-f4f2-4631-89fd-225032becfa9,женский туалет,db573f94204e56e0cf3fc2ea000e5bdc,7,72,True
8b24b836-d8f5-4c87-a1b3-350fe4b6dd22,повар,db573f94204e56e0cf3fc2ea000e5bdc,19,63,True
e2c52137-e7a9-45f0-8f86-7420d6ff7e59,аллергия на еду,2d84da20c251acaeb3186642fcb04f2e,2,67,True
6744a590-8ab1-4145-8037-b688866c9e7b,мужской туалет,2d84da20c251acaeb3186642fcb04f2e,3,71,True
3ab16c5b-25d6-459c-a547-5be5acd5f1ae,обедать,2d84da20c251acaeb3186642fcb04f2e,2,49,True
c764fd6a-f579-4b52-a68a-ccf0370ddf07,мужской туалет,db573f94204e56e0cf3fc2ea000e5bdc,10,66,True
5c3ea7fa-9137-4cbf-a401-0f8d93cc57ec,вкус,db573f94204e56e0cf3fc2ea000e5bdc,15,52,True
bcd35f2b-b7cd-4ee2-9b83-eff1f2b34d8d,кружка,2d84da20c251acaeb3186642fcb04f2e,3,69,True
60402ef0-b131-4198-958a-f17fa5c9c2fc,вилка,2d84da20c251acaeb3186642fcb04f2e,1,32,True
d99cd3eb-d24b-4f7e-9f57-dbd522ec3132,диета,db573f94204e56e0cf3fc2ea000e5bdc,11,64,True
00019bad-4c36-4cc5-a940-2f994bc4037a,переваривать,2d84da20c251acaeb3186642fcb04f2e,13,78,True
d1c51c3e-2279-4f0c-bf5e-75abdcec669b,питьевая вода,db573f94204e56e0cf3fc2ea000e5bdc,8,45,True
c43eb8cb-6815-43c5-8331-80e4eef5af68,лить,0df9d6e419cb18069e696edaa170ba87,22,59,True
1d8cdb77-f595-44be-be33-df71ba157e1a,женский туалет,2d84da20c251acaeb3186642fcb04f2e,0,51,True
8df4ced3-09ca-4c67-a15e-67d44a9faf52,заказывать,2d84da20c251acaeb3186642fcb04f2e,0,42,True
3f83ca0b-f89d-4bbb-824f-baced8a63202,ароматный,2d84da20c251acaeb3186642fcb04f2e,5,68,True
e4a34a53-5406-4d46-8936-dba4723c49ea,кафетерий,2d84da20c251acaeb3186642fcb04f2e,0,44,True
98bb4910-059c-47bb-82cb-87452b276f55,заварочный чайник,2d84da20c251acaeb3186642fcb04f2e,8,56,True
9c945ee3-72df-4ab0-8123-656196dbeafb,"нежный, мягкий",2d84da20c251acaeb3186642fcb04f2e,4,40,True
c8363004-cf92-4a91-91c1-4a46dc11352a,кусать,2d84da20c251acaeb3186642fcb04f2e,0,29,True
4cbc820f-d672-4d6b-9a3f-edac02bd200f,глотать,2d84da20c251acaeb3186642fcb04f2e,1,43,True
fba47221-7171-48c3-80b5-f4e059f3d2f2,официант,2d84da20c251acaeb3186642fcb04f2e,0,56,True
947476fc-9f38-4a5e-8077-ab066ae74d7c,банкет,2d84da20c251acaeb3186642fcb04f2e,25,74,True
2a1235cd-20ae-4b9e-9599-d734512a7db5,кувшин,2d84da20c251acaeb3186642fcb04f2e,6,42,True
ac7b6adf-73d0-4ae1-a8cd-834b83fd2650,кубок,2d84da20c251acaeb3186642fcb04f2e,4,64,True
f54056dd-27cf-4d8d-9ffa-be58e2953338,откупоривать,2d84da20c251acaeb3186642fcb04f2e,2,31,True
6f114327-758d-4147-be29-3b0f0b5d8c9f,питьевая вода,2d84da20c251acaeb3186642fcb04f2e,5,40,True
9733d6d3-3c4b-4f2b-8455-9eb4e5cef460,переваривание,2d84da20c251acaeb3186642fcb04f2e,8,56,True
fbd2db9e-f34c-4607-b0dd-0dffd7a81461,повар,2d84da20c251acaeb3186642fcb04f2e,4,46,True
081dc2ad-2f38-4a43-a50c-ef83a532dd2b,диета,2d84da20c251acaeb3186642fcb04f2e,0,27,True
d133583b-dce8-4734-8398-2f33d894d465,вкус,2d84da20c251acaeb3186642fcb04f2e,0,29,True
39d9e2b5-662f-4c3d-89aa-54aa2cab3ea2,делать мелкий глоток,2d84da20c251acaeb3186642fcb04f2e,1,38,True
51b98332-7526-41f8-a7ff-a66085812a7e,закуска перед едой,0df9d6e419cb18069e696edaa170ba87,14,79,True
32052c10-30ff-4a70-a77b-4d78c71465a9,кафе,0df9d6e419cb18069e696edaa170ba87,24,70,True
4104691c-5567-4184-ae32-aa0fb0b1adfd,кормить,0df9d6e419cb18069e696edaa170ba87,18,77,True
bc6f9248-530b-42bf-a7b5-5c243924d183,бутылка,0df9d6e419cb18069e696edaa170ba87,21,73,True
27093684-3633-412e-9a2d-db04a1dd3a8b,закуска перед едой,0211b488644476dd0fec656ccb9b74fc,24,92,True
3bc7e5f6-66b3-4d2b-ac06-8d688d659598,жевать,0df9d6e419cb18069e696edaa170ba87,13,101,True
def5c0a5-0bd2-44ed-b1a8-a1596379dcbb,вкусный,0df9d6e419cb18069e696edaa170ba87,26,58,True
d7c8a149-4c87-41f3-9cc8-34fc2e7d82ad,жадно есть,0df9d6e419cb18069e696edaa170ba87,15,90,True
7cebc8c4-5788-46f5-8579-ed62ec0336fb,откупоривать,0df9d6e419cb18069e696edaa170ba87,29,73,True
1d424c55-e1dd-4c30-9f8e-50eb7b4eddff,резервирование; бронирование,0df9d6e419cb18069e696edaa170ba87,22,75,True
68128b39-3976-4a27-b618-6b3399048796,кусок; тонкими слоями,0df9d6e419cb18069e696edaa170ba87,16,112,True
e11e4310-e6e0-447b-b0aa-4d7ee15827c8,кафетерий,0df9d6e419cb18069e696edaa170ba87,21,73,True
28d43ba9-1e2f-4a24-9518-e5ea8ee98cda,"нежный, мягкий",0df9d6e419cb18069e696edaa170ba87,25,90,True
ace1e387-3af8-4d35-9710-b67028f2119f,прием пищи,0df9d6e419cb18069e696edaa170ba87,25,74,True
a11fb94e-d4c8-4ffa-805b-ef85f7ddafe8,мужской туалет,0df9d6e419cb18069e696edaa170ba87,26,105,True
a2a481ce-0f5a-4532-a5c3-75f86591a525,переваривать,0df9d6e419cb18069e696edaa170ba87,33,121,True
ed91e583-fe9e-4ce6-aa67-af9536f5ad04,женский туалет,0df9d6e419cb18069e696edaa170ba87,19,89,True
38b92684-fd83-486d-b471-b11cdd8e6dec,кормить,95af8e702c909eee7145c6dc1a3d756b,0,26,True
6bcf9d7f-ef5a-4ecd-8183-4ffaf1cd4260,окунать,0df9d6e419cb18069e696edaa170ba87,23,91,True
e3346429-01a2-42aa-9aaf-29ab1a2a6940,кубок,0df9d6e419cb18069e696edaa170ba87,22,86,True
e885bfa4-2d85-44f5-b35f-64212893afc6,вкус,0df9d6e419cb18069e696edaa170ba87,18,65,True
d9e48206-ea1c-4bcd-a4c9-a17bb5761e15,вкусный,95af8e702c909eee7145c6dc1a3d756b,2,33,True
c9407e50-b6c3-4d4f-900a-c1d9712e643c,помощник повара,0df9d6e419cb18069e696edaa170ba87,24,132,True
bc65e05e-f2da-45ae-9a75-4726753cb334,окунать,95af8e702c909eee7145c6dc1a3d756b,0,62,True
ec418270-cec9-4b77-9748-185a3189e56e,кувшин,0df9d6e419cb18069e696edaa170ba87,23,66,True
a6b27238-f325-41cb-97ab-84d3727e394e,закуска перед едой,95af8e702c909eee7145c6dc1a3d756b,3,64,True
ed83f161-e83e-4c92-8997-2efda6595da1,MakDonalds,0df9d6e419cb18069e696edaa170ba87,19,76,True
3abaf7be-a364-4c32-8f78-6c1067d27074,помощник повара,0211b488644476dd0fec656ccb9b74fc,17,109,True
40f5d2f6-d7e4-40b6-895d-f708f751afac,бутылка,95af8e702c909eee7145c6dc1a3d756b,0,53,True
811c6bbc-745d-4fdd-ad46-be0236654678,предложить тост,0211b488644476dd0fec656ccb9b74fc,23,103,True
7d4851cd-fbeb-45cb-a76f-a9fba245a98a,лить,0211b488644476dd0fec656ccb9b74fc,12,64,True
73bffeb8-25b1-40d5-8e16-1237f3f4686a,бутылка,0211b488644476dd0fec656ccb9b74fc,8,62,True
ddf85bf7-1019-4792-8708-f3f150913aeb,вкусный,0211b488644476dd0fec656ccb9b74fc,5,56,True
edeaf44f-7165-429b-b174-1d2d69394973,банкет,0df9d6e419cb18069e696edaa170ba87,17,104,True
f06bef78-4143-44b1-8d96-741cf292adfb,MakDonalds,95af8e702c909eee7145c6dc1a3d756b,1,60,True
bdf53b96-a537-44c4-849e-bcb515c827d9,женский туалет,0211b488644476dd0fec656ccb9b74fc,21,97,True
7e3f15d7-4063-4053-be4e-1058bf88993b,прием пищи,95af8e702c909eee7145c6dc1a3d756b,2,58,True
376cef1c-aa0e-4e0f-b145-126c76903cc8,жадно есть,0211b488644476dd0fec656ccb9b74fc,14,95,True
048a16cf-df59-43f8-8962-32a4c54fa812,прием пищи,0211b488644476dd0fec656ccb9b74fc,5,51,True
f601bf3a-bf26-4be0-8da5-3a35f33c38e3,предложить тост,95af8e702c909eee7145c6dc1a3d756b,0,62,True
514c71fb-e196-4246-bf75-51886d3ceb78,резервирование; бронирование,0211b488644476dd0fec656ccb9b74fc,18,74,True
3b5c507b-70f2-4341-bcd8-6e601c5b9421,кафе,95af8e702c909eee7145c6dc1a3d756b,2,38,True
61975bb6-f7ab-47f0-b82b-dd4abbc6ac69,кубок,0211b488644476dd0fec656ccb9b74fc,25,100,True
ba1593f8-553f-4014-b46c-2123149cf9e5,женский туалет,95af8e702c909eee7145c6dc1a3d756b,8,74,True
05f44ca6-e2a6-4435-8837-fb3c29752363,резервирование; бронирование,95af8e702c909eee7145c6dc1a3d756b,23,77,True
5ea2458b-8fae-44b3-b197-59d8facff18f,аллергия на еду,95af8e702c909eee7145c6dc1a3d756b,10,67,True
f83dd0cf-51d6-40e5-a464-d3b0fd46f583,откупоривать,0211b488644476dd0fec656ccb9b74fc,14,73,True
5a5dc0c2-9eaa-4149-9f22-9707894e1e7d,аппетит,0211b488644476dd0fec656ccb9b74fc,19,89,True
a58f9264-9e45-48ba-a2f9-52aa493bf2fa,окунать,0211b488644476dd0fec656ccb9b74fc,12,67,True
e52ee302-7952-4cf6-be52-c80bca353f25,MakDonalds,0211b488644476dd0fec656ccb9b74fc,23,88,True
bc64f752-b479-4411-8ab9-9995566ea835,мужской туалет,0211b488644476dd0fec656ccb9b74fc,17,96,True
9ce56234-b3ad-4d13-89a5-ba41a13fcc29,помощник повара,95af8e702c909eee7145c6dc1a3d756b,10,82,True
dd221956-d7c6-4a38-a32a-3e5e062b4084,аппетит,95af8e702c909eee7145c6dc1a3d756b,5,68,True
ab136683-9817-4caa-ac9c-0d020e346770,кусок; тонкими слоями,0211b488644476dd0fec656ccb9b74fc,19,115,True
43dac0a2-ed84-4596-be9a-0d3de89e29da,"нежный, мягкий",95af8e702c909eee7145c6dc1a3d756b,6,59,True
fbf9197a-7f0b-4c41-b247-9e72098591bf,ресторан,95af8e702c909eee7145c6dc1a3d756b,7,56,True
37230c54-adf3-41a1-98fa-12c666e98c32,кусок; тонкими слоями,95af8e702c909eee7145c6dc1a3d756b,1,99,True
7398b37d-c1f2-4310-86b5-eb25c1e5a361,заказывать,95af8e702c909eee7145c6dc1a3d756b,3,66,True
a0c42cde-7943-4968-a64a-8281d17e9c43,ароматный,95af8e702c909eee7145c6dc1a3d756b,19,103,True
139b44d5-4cc0-4712-8e3b-bedca6b04dde,жадно есть,95af8e702c909eee7145c6dc1a3d756b,0,77,True
3c146b96-0f02-4d8a-b625-7c34642252d9,мужской туалет,95af8e702c909eee7145c6dc1a3d756b,0,60,True
75d33273-7992-4a35-9204-33d15c72e8ee,кружка,95af8e702c909eee7145c6dc1a3d756b,4,87,True
76c71079-259d-476f-8fb0-f255eaa0c256,заварочный чайник,95af8e702c909eee7145c6dc1a3d756b,6,89,True
d370e2c1-c7f1-4979-a4e1-907805a5969b,переваривать,95af8e702c909eee7145c6dc1a3d756b,8,81,True
db646d8d-f841-4634-a326-0eaa77270986,обедать,95af8e702c909eee7145c6dc1a3d756b,17,70,True
d5ff0a41-5003-4fb4-b098-2719069ace1a,кафетерий,95af8e702c909eee7145c6dc1a3d756b,3,56,True
52e4145a-7c70-439b-8e72-1179934d9b73,глотать,95af8e702c909eee7145c6dc1a3d756b,2,55,True
f60a201f-693a-4b40-95d7-2d6ac2b36d0c,повар,95af8e702c909eee7145c6dc1a3d756b,4,90,True
2d82b2e5-4c5d-47ec-ad8d-e022a09b3e18,переваривать,0211b488644476dd0fec656ccb9b74fc,12,100,True
ec42aa01-179a-4cfb-9050-adf211eb64be,откупоривать,95af8e702c909eee7145c6dc1a3d756b,5,58,True
74ebb5c8-0088-46b6-8cee-464b491404a6,кусать,0211b488644476dd0fec656ccb9b74fc,9,64,True
f668525a-5a0d-496e-8cd9-eba239a74f82,кусать,95af8e702c909eee7145c6dc1a3d756b,1,59,True
6f41a373-d6c1-44ab-a72c-2b31079fc13d,переваривание,95af8e702c909eee7145c6dc1a3d756b,3,82,True
3df1e19a-96f7-4b47-bd41-d054e16d92c9,кружка,0211b488644476dd0fec656ccb9b74fc,21,118,True
d4f5e205-8277-4c9f-9e0c-9ff7c50e2c11,жевать,95af8e702c909eee7145c6dc1a3d756b,5,68,True
4e7caa8b-ac78-4afd-b57b-8ea4c7100847,кувшин,95af8e702c909eee7145c6dc1a3d756b,16,58,True
bbd57de5-b7ab-4c0c-9bfb-4565299b85f5,жевать,0211b488644476dd0fec656ccb9b74fc,1,69,True
43e6886f-907f-4450-8bd5-846709891324,кубок,95af8e702c909eee7145c6dc1a3d756b,9,75,True
0a6fd1b1-ede6-4908-bf9a-552c5f667698,кормить,0211b488644476dd0fec656ccb9b74fc,8,58,True
7027e2fe-c9cb-4d77-9922-d4c5b5469ee7,ресторан,0211b488644476dd0fec656ccb9b74fc,5,56,True
aecb900b-adc8-4acf-836c-a840bef90114,вкус,0211b488644476dd0fec656ccb9b74fc,9,51,True
8c6013b7-b923-46d6-a20e-65144b3bc8b5,заказывать,0211b488644476dd0fec656ccb9b74fc,13,64,True
576f0b72-dda3-47fa-98c1-63d6bcdc1eb1,кафетерий,0211b488644476dd0fec656ccb9b74fc,10,58,True
c0d40b68-72c1-45c3-8a03-7c25c0dbc959,делать мелкий глоток,0211b488644476dd0fec656ccb9b74fc,13,66,True
caebe8df-b0bc-49c7-85ee-7e4017938547,вилка,0211b488644476dd0fec656ccb9b74fc,7,57,True
7b9a0880-c240-4acd-9afc-a79858c44a61,заварочный чайник,0211b488644476dd0fec656ccb9b74fc,18,88,True
783c5cc4-c5c1-4a95-beb8-e280ed3045c0,кувшин,0211b488644476dd0fec656ccb9b74fc,20,70,True
9cb6a461-d978-49ea-95d8-eebf96ffdc38,ароматный,0211b488644476dd0fec656ccb9b74fc,12,70,True
0acbe1dd-b2dc-48ae-9ac5-a913de6ad15b,повар,0211b488644476dd0fec656ccb9b74fc,23,98,True
878a0264-510d-4492-b851-bd428c94f729,глотать,0211b488644476dd0fec656ccb9b74fc,12,57,True
51329c6e-b726-4c9b-9008-4173bd98493e,кусать,0df9d6e419cb18069e696edaa170ba87,17,65,True
0e162772-dfe8-43fa-b07a-a963c1b657e0,официант,0df9d6e419cb18069e696edaa170ba87,19,98,True
520f9c02-bcd0-4feb-8fbf-c4846638aa4a,кружка,0df9d6e419cb18069e696edaa170ba87,20,92,True
e51f3578-20f7-4cc2-81d9-ebeb5e442112,диета,0df9d6e419cb18069e696edaa170ba87,15,75,True
aa9c7419-08ac-4c3e-a6d3-3074a226a788,делать мелкий глоток,0df9d6e419cb18069e696edaa170ba87,17,61,True
8d2730ca-aa22-44d6-871b-c5520b1af78e,глотать,0df9d6e419cb18069e696edaa170ba87,18,66,True
58b77d00-7d09-4dde-b4cb-dd2637896f9c,заказывать,0df9d6e419cb18069e696edaa170ba87,14,65,True
e83fd67d-f77d-4fcc-9b80-69d0cb50dd03,питьевая вода,0df9d6e419cb18069e696edaa170ba87,21,82,True
0bf08f50-42fa-430b-a4e8-ef4dadf834b6,повар,0df9d6e419cb18069e696edaa170ba87,19,86,True
e6e7ae5e-2878-4fd3-8d9e-3a134fc2c136,"нежный, мягкий",0211b488644476dd0fec656ccb9b74fc,24,85,True
65275d8e-c6d1-40a4-83e1-abd709ad7164,переваривание,0211b488644476dd0fec656ccb9b74fc,8,61,True
75086385-93a7-40d4-a919-bf55a35b0061,кафе,0211b488644476dd0fec656ccb9b74fc,16,46,True
5ae3bede-63a4-4bd6-9f50-952a73c19594,аллергия на еду,0211b488644476dd0fec656ccb9b74fc,21,93,True
bedb38c7-32eb-4440-855a-23ee103bee1c,обедать,0211b488644476dd0fec656ccb9b74fc,16,58,True
c46db710-102f-4223-9228-eb7510db7b1d,официант,0211b488644476dd0fec656ccb9b74fc,14,73,True
99a6c144-8a0a-4970-8bab-808a11e3fa85,банкет,0211b488644476dd0fec656ccb9b74fc,8,75,True
c096cd9a-72de-4ce2-b4e0-794388155642,диета,0211b488644476dd0fec656ccb9b74fc,13,64,True
c03405b6-9bbf-414e-9b30-d4730bfd1559,закуска перед едой,b07a773bcb10b4f14f33d2b0e8ec58ba,16,82,True
5d62812f-0658-40e9-a9e8-fb9b34c8bb80,лить,b07a773bcb10b4f14f33d2b0e8ec58ba,55,114,True
02dc0a6c-f7f2-46d9-a13c-e304d5814134,кафе,b07a773bcb10b4f14f33d2b0e8ec58ba,32,84,True
b109a83a-2ae9-4aff-8ffb-a98b97ff0a69,помощник повара,b07a773bcb10b4f14f33d2b0e8ec58ba,44,136,True
664dff2b-3138-4fe8-bc6e-f3cbb1ca5b77,прием пищи,b07a773bcb10b4f14f33d2b0e8ec58ba,61,116,True
a7c05045-3ec1-4a94-a375-07dc5da494fc,вкусный,b07a773bcb10b4f14f33d2b0e8ec58ba,56,112,True
cbe16f09-f27b-488b-b0b4-6d416fc3ed31,кормить,b07a773bcb10b4f14f33d2b0e8ec58ba,20,66,True
85708cbe-6d96-44ec-a0ae-57c7ef55ec30,кормить,50334f2a79561498829a34a2c90984b1,9,59,True
400f2108-aed7-4a52-af8f-249e489dbc9e,окунать,50334f2a79561498829a34a2c90984b1,17,107,True
08000237-79a2-44e5-881e-b920c1663f43,жевать,b07a773bcb10b4f14f33d2b0e8ec58ba,54,130,True
93e6dd92-66f4-4d75-b8e3-7b28bf081ce0,MakDonalds,b07a773bcb10b4f14f33d2b0e8ec58ba,64,139,True
29a90d3b-0955-4638-8af9-3f967557d3ae,жадно есть,b07a773bcb10b4f14f33d2b0e8ec58ba,36,101,True
e4203585-0613-4019-b06f-fe3dfadedb65,помощник повара,50334f2a79561498829a34a2c90984b1,16,135,True
7f32cdef-fb94-41d1-badb-2abb0ae323b1,лить,50334f2a79561498829a34a2c90984b1,25,74,True
e6416878-bf80-4b4a-9aba-826644cefe82,откупоривать,50334f2a79561498829a34a2c90984b1,34,79,True
82b8811f-0865-40c8-a280-7a69f8d80968,бутылка,b07a773bcb10b4f14f33d2b0e8ec58ba,44,108,True
96726481-6aae-48ab-9688-651db4ed76bc,резервирование; бронирование,b07a773bcb10b4f14f33d2b0e8ec58ba,70,133,True
21e5b31d-faaa-4344-9734-746b6f22135d,переваривать,b07a773bcb10b4f14f33d2b0e8ec58ba,61,166,True
55e5e78c-e307-4c9e-ad4a-f1ed8616b845,аппетит,b07a773bcb10b4f14f33d2b0e8ec58ba,19,88,True
b68c7c2a-9859-47fe-bbb1-33c1f40d75f4,кафетерий,b07a773bcb10b4f14f33d2b0e8ec58ba,27,85,True
96aa8700-eff6-48e4-97cc-ce012dde64fc,мужской туалет,b07a773bcb10b4f14f33d2b0e8ec58ba,6,73,True
602da2d0-99b2-452b-84e0-ecb16c784723,кусок; тонкими слоями,b07a773bcb10b4f14f33d2b0e8ec58ba,28,124,True
6479ddd7-8231-41e2-a7a7-3c5ce9cd94cf,глотать,b07a773bcb10b4f14f33d2b0e8ec58ba,52,105,True
d51dfa21-f185-4d14-af85-61ac6d5535eb,"нежный, мягкий",b07a773bcb10b4f14f33d2b0e8ec58ba,26,82,True
5a8c5269-44aa-4953-b1f2-a6e6481d6c07,обедать,b07a773bcb10b4f14f33d2b0e8ec58ba,57,116,True
7277c749-8e14-4306-acc6-a490258b6543,кусать,b07a773bcb10b4f14f33d2b0e8ec58ba,53,128,True
aac408d9-3bc7-4549-a56b-7f1b6906011e,ресторан,b07a773bcb10b4f14f33d2b0e8ec58ba,50,115,True
a6329ae7-3cf4-4664-95fc-b5a57b735b6c,заказывать,b07a773bcb10b4f14f33d2b0e8ec58ba,21,77,True
d5fdccc9-150d-48c5-acaf-3d78f60d37e1,окунать,b07a773bcb10b4f14f33d2b0e8ec58ba,89,178,True
865a3e94-b391-4a79-a05a-abbd04e0655b,вилка,b07a773bcb10b4f14f33d2b0e8ec58ba,43,110,True
43119c80-a744-488b-b0d3-13a4513722ab,заварочный чайник,b07a773bcb10b4f14f33d2b0e8ec58ba,30,117,True
0594d201-7c3e-455f-a6bd-6de237bce7ab,делать мелкий глоток,b07a773bcb10b4f14f33d2b0e8ec58ba,62,142,True
0343d609-a212-409e-a31c-452b8d9c3a60,кружка,b07a773bcb10b4f14f33d2b0e8ec58ba,35,105,True
4857c35f-5824-4816-be06-9cc78581da76,кувшин,b07a773bcb10b4f14f33d2b0e8ec58ba,73,128,True
97ac2009-ebe6-4e9c-adbb-661cfe085ea4,официант,b07a773bcb10b4f14f33d2b0e8ec58ba,50,123,True
e10a262d-c913-434d-bed1-2771c779945b,повар,b07a773bcb10b4f14f33d2b0e8ec58ba,67,142,True
d005b3e9-1580-4f49-b823-ffa561f831a8,аллергия на еду,b07a773bcb10b4f14f33d2b0e8ec58ba,72,156,True
f1e21dc5-51cb-40ea-a3ce-b3bd3229a41f,диета,b07a773bcb10b4f14f33d2b0e8ec58ba,57,132,True
5983eb26-c8db-431d-a241-862e18e32d3e,кубок,b07a773bcb10b4f14f33d2b0e8ec58ba,33,108,True
8b887d33-f385-4b1f-8b8d-1ebc36b3f4e1,банкет,b07a773bcb10b4f14f33d2b0e8ec58ba,12,100,True
d6680c40-a28e-447e-bd74-39ad291d8f3b,женский туалет,b07a773bcb10b4f14f33d2b0e8ec58ba,24,90,True
feb9eb7b-dd61-4fa9-9656-829614b53438,ароматный,b07a773bcb10b4f14f33d2b0e8ec58ba,60,130,True
9edf0a8b-bcf6-46fd-b62c-7e3d999b0d55,вкус,b07a773bcb10b4f14f33d2b0e8ec58ba,31,99,True
3c98f7dc-8eb8-4a03-8569-0b63cf27b4fd,вкусный,50334f2a79561498829a34a2c90984b1,27,61,True
283c5517-41b9-4b30-83e2-fc0ee902e4b9,прием пищи,50334f2a79561498829a34a2c90984b1,17,66,True
64f723a2-0fd3-4e22-a1f9-90dc83ccc040,резервирование; бронирование,50334f2a79561498829a34a2c90984b1,27,74,True
20a166c7-bd6b-4a79-b120-27712a321f7f,жевать,50334f2a79561498829a34a2c90984b1,19,98,True
b36597fd-edbd-48d5-9bae-0f909923ea51,переваривать,50334f2a79561498829a34a2c90984b1,8,104,True
dd84bc8b-2938-48f1-a4d4-d5da2eaf4ef6,кафе,50334f2a79561498829a34a2c90984b1,14,53,True
aaf10cff-94a3-4b34-a253-8f33fc297f4f,женский туалет,50334f2a79561498829a34a2c90984b1,5,54,True
9544b9bf-40ff-42ff-9791-c83831db7810,бутылка,50334f2a79561498829a34a2c90984b1,2,49,True
6027f2d5-9bfd-4947-8c50-9632c529f90f,переваривание,b07a773bcb10b4f14f33d2b0e8ec58ba,28,97,True
a7dad576-be34-4e53-a4e1-bc5c77179a5f,питьевая вода,b07a773bcb10b4f14f33d2b0e8ec58ba,47,94,True
352847f1-ac68-4f56-a5ca-b2a7fa794d9f,диета,95af8e702c909eee7145c6dc1a3d756b,0,45,True
03175381-250b-4a21-a178-c8670a0e8fcb,вилка,95af8e702c909eee7145c6dc1a3d756b,1,66,True
9b7460fc-1d7d-448b-9a6f-6d8ed17dd96b,кубок,50334f2a79561498829a34a2c90984b1,12,103,True
1dcb4090-c305-4f70-b10a-2abce2758f02,закуска перед едой,50334f2a79561498829a34a2c90984b1,11,69,True
49db9056-fe5e-420c-bf9c-4ee0c3bbd8ce,ароматный,50334f2a79561498829a34a2c90984b1,17,88,True
8b7fdb53-9c1a-4c8b-90f7-5d596b17bd94,предложить тост,50334f2a79561498829a34a2c90984b1,18,79,True
28a74a7c-f3ba-42ab-9d42-15a4b8348e97,аппетит,50334f2a79561498829a34a2c90984b1,17,93,True
e1be4251-42ce-49eb-9fd5-03de46256fd0,кафетерий,50334f2a79561498829a34a2c90984b1,18,79,True
8cb933b6-5ea9-4fb1-97c3-82a05a6eec63,кусать,50334f2a79561498829a34a2c90984b1,9,75,True
e432c9cd-a5aa-4118-a223-a53611ec6f07,вкус,50334f2a79561498829a34a2c90984b1,10,56,True
13ec2352-4999-4617-9175-a6df928c724a,заварочный чайник,50334f2a79561498829a34a2c90984b1,4,62,True
45a257fc-1886-4b33-b356-ddd2074aaf3e,кружка,50334f2a79561498829a34a2c90984b1,10,64,True
cb4afaf4-d349-41db-91c4-c4f2c9a0722c,ресторан,50334f2a79561498829a34a2c90984b1,28,68,True
0fa3b277-2b33-4f6f-baa1-376769ce1562,кусок; тонкими слоями,50334f2a79561498829a34a2c90984b1,14,108,True
6d5216cd-2b31-4600-b9b7-0cf7e123ce2d,мужской туалет,50334f2a79561498829a34a2c90984b1,15,77,True
7f0d8cdc-72c9-4d4e-b787-85f828d7abaa,глотать,50334f2a79561498829a34a2c90984b1,17,53,True
2b573520-f78a-404b-9631-a964dabcf004,делать мелкий глоток,50334f2a79561498829a34a2c90984b1,6,66,True
2d1edeb2-5e3e-4bd6-82ca-e8985dbaaeef,обедать,50334f2a79561498829a34a2c90984b1,31,80,True
c25a5d3d-8f6e-4cf7-a193-1fbee291acf4,кувшин,50334f2a79561498829a34a2c90984b1,20,63,True
94a0545e-8597-4e6f-b88b-8f5e9fcde5cc,MakDonalds,50334f2a79561498829a34a2c90984b1,12,62,True
62a24551-61a7-49d6-834a-6cccb6e56371,заказывать,50334f2a79561498829a34a2c90984b1,16,51,True
9e347ce8-c00c-4518-a580-3d1972d3d958,переваривание,50334f2a79561498829a34a2c90984b1,15,91,True
7d8c5d0a-9058-4926-ada6-a50c5fd559c4,жадно есть,50334f2a79561498829a34a2c90984b1,16,69,True
bdffc035-f4ba-4cc7-ba86-d04bf9a613ca,вилка,50334f2a79561498829a34a2c90984b1,21,67,True
0df1b9f0-ae05-401d-bef4-8e3481465927,официант,50334f2a79561498829a34a2c90984b1,12,64,True
f9caa4e2-a336-4603-a5c9-6a943cf152b1,диета,50334f2a79561498829a34a2c90984b1,30,83,True
4948be10-7f0b-4a98-ba2b-584ea92c60e3,вкус,95af8e702c909eee7145c6dc1a3d756b,2,58,True
826d5f7f-75ee-46b5-8cc2-f4ec9c62fdc4,делать мелкий глоток,95af8e702c909eee7145c6dc1a3d756b,13,68,True
7376801b-1593-48e2-8a84-939dc1b646df,банкет,95af8e702c909eee7145c6dc1a3d756b,0,73,True
94e122ca-f11f-4a6a-ad64-f1f76671d190,официант,95af8e702c909eee7145c6dc1a3d756b,3,69,True
45282e36-a51c-4c03-8953-951a28485f38,питьевая вода,95af8e702c909eee7145c6dc1a3d756b,1,58,True
f3b5db9e-dae9-40a6-b6e3-081dfc00c2d0,кормить,46dd04a1caa75ed3082b573cb5a3ad26,8,47,True
06ff0ae5-f21a-4c4f-9062-9825e8156896,кафе,46dd04a1caa75ed3082b573cb5a3ad26,3,37,True
f8a85711-38ef-4b88-b1e7-99c56ea45607,закуска перед едой,46dd04a1caa75ed3082b573cb5a3ad26,4,67,True
fd201828-5306-4bc0-a46a-806296b78659,бутылка,46dd04a1caa75ed3082b573cb5a3ad26,1,47,True
16aa35fa-618d-4150-a2a0-f10663df0b89,предложить тост,46dd04a1caa75ed3082b573cb5a3ad26,7,68,True
4f10b357-dfd0-4c11-96d9-89dfec56f905,жевать,46dd04a1caa75ed3082b573cb5a3ad26,17,65,True
85b188bb-48be-4f68-94fc-a790aba2c18f,откупоривать,46dd04a1caa75ed3082b573cb5a3ad26,9,59,True
326eebf5-ba13-4ab0-b273-430dc253ae61,окунать,46dd04a1caa75ed3082b573cb5a3ad26,8,47,True
e06ad8b8-ce3b-4527-af48-893711a5a898,женский туалет,46dd04a1caa75ed3082b573cb5a3ad26,9,72,True
7eccaf72-343e-4bb2-b8e6-cd2b51509634,резервирование; бронирование,46dd04a1caa75ed3082b573cb5a3ad26,12,61,True
d4d862e8-8845-4b36-bbe2-a198e94f6e6d,помощник повара,46dd04a1caa75ed3082b573cb5a3ad26,6,95,True
d36ba31a-9e3f-459e-af0b-b7b47a22dc38,лить,46dd04a1caa75ed3082b573cb5a3ad26,20,53,True
84727390-71f3-4d53-9493-96aa97d08039,вкусный,46dd04a1caa75ed3082b573cb5a3ad26,8,49,True
d30c5642-e9db-453d-bcfa-7027bbdf18f0,прием пищи,46dd04a1caa75ed3082b573cb5a3ad26,6,64,True
9e7cdd7b-865a-4d29-b14b-d3639b1010cb,мужской туалет,46dd04a1caa75ed3082b573cb5a3ad26,12,75,True
e035eb48-065e-431f-baf9-dcf30c98f3e5,жадно есть,46dd04a1caa75ed3082b573cb5a3ad26,9,63,True
4ce23ddb-ae01-4849-8040-49ea1be9e922,MakDonalds,46dd04a1caa75ed3082b573cb5a3ad26,6,42,True
18594757-326c-426b-9298-0211dc6435ba,кусок; тонкими слоями,46dd04a1caa75ed3082b573cb5a3ad26,15,100,True
b31c47d5-932c-4744-8b9f-d0916f47c5c8,аппетит,46dd04a1caa75ed3082b573cb5a3ad26,6,70,True
68f07f56-3117-4d62-9e11-e8246e49147a,"нежный, мягкий",46dd04a1caa75ed3082b573cb5a3ad26,12,48,True
4574ec3e-ec4e-4039-9c0b-73be5004fe58,ресторан,46dd04a1caa75ed3082b573cb5a3ad26,16,59,True
454b2fb1-f48d-4ca6-bbd7-0dd1c9ce277a,вилка,46dd04a1caa75ed3082b573cb5a3ad26,12,54,True
0de1068a-0da3-4f92-9bc1-4d0fc4a0be33,обедать,46dd04a1caa75ed3082b573cb5a3ad26,15,58,True
6971ab24-ae8c-49f5-a022-e0128486cfc8,глотать,46dd04a1caa75ed3082b573cb5a3ad26,4,33,True
b05709d1-e09f-4c63-8a06-569ee1c52078,кафетерий,46dd04a1caa75ed3082b573cb5a3ad26,11,52,True
b35d4597-e4e4-45a7-b7ab-317d1d85ae1e,ароматный,46dd04a1caa75ed3082b573cb5a3ad26,7,55,True
45413e4d-d167-4555-8533-5c6ba808c43e,заказывать,46dd04a1caa75ed3082b573cb5a3ad26,16,63,True
50f2ea4e-2856-4a17-ab75-db7891786196,кувшин,46dd04a1caa75ed3082b573cb5a3ad26,9,54,True
bc473538-9b9b-495c-8da3-e169546aa0e9,банкет,46dd04a1caa75ed3082b573cb5a3ad26,5,51,True
8aa4ef03-dc23-41b9-baa4-c33fd5bde89a,переваривать,46dd04a1caa75ed3082b573cb5a3ad26,8,77,True
1d5113b0-1ebe-448e-a97b-0520c079bcd6,заварочный чайник,46dd04a1caa75ed3082b573cb5a3ad26,12,58,True
e7782b5a-6861-4667-a3fd-c5ccbfaa837f,делать мелкий глоток,46dd04a1caa75ed3082b573cb5a3ad26,3,42,True
59ad544b-6c8b-49df-a045-000f789f4ea1,вкус,46dd04a1caa75ed3082b573cb5a3ad26,7,55,True
e3cf00d4-29ae-48fe-9092-6831f0857ca7,кубок,46dd04a1caa75ed3082b573cb5a3ad26,17,81,True
cca2e05c-e7b8-4ef5-b200-6fae502391ef,официант,46dd04a1caa75ed3082b573cb5a3ad26,7,63,True
f5558b0f-7ce4-4bc4-9330-cadb6eca9fd2,диета,46dd04a1caa75ed3082b573cb5a3ad26,12,48,True
0c09c52a-4ea2-4689-a147-1eeb163316ab,кружка,46dd04a1caa75ed3082b573cb5a3ad26,13,77,True
75afdd5a-6023-4e3d-813c-ef8d1b724383,питьевая вода,46dd04a1caa75ed3082b573cb5a3ad26,7,53,True
dd910713-4d48-4599-acc3-db09304c45f2,повар,46dd04a1caa75ed3082b573cb5a3ad26,7,63,True
82861ddf-e68d-4bdd-8ac5-417bd971627a,аллергия на еду,46dd04a1caa75ed3082b573cb5a3ad26,15,71,True
fe8be29f-54ff-46f4-bde2-b3035788e6d6,кусать,46dd04a1caa75ed3082b573cb5a3ad26,7,42,True
0c5957b4-e92d-4fbd-aacc-8c86d0802b81,переваривание,46dd04a1caa75ed3082b573cb5a3ad26,4,75,True
28c1ab52-036e-4543-8980-f49316e52079,окунать,fc6e5caa3dc328e7558b072e6607e399,9,72,True
f57b9d1a-d6e5-46df-a3e7-d914297ed6a5,окунать,185bd3a81d9d618518d10abebf0d17a8,21,108,True
f4cf7eaf-87b9-4bfa-9226-ddf5eb18b1b3,лить,185bd3a81d9d618518d10abebf0d17a8,36,81,True
548baad4-5a5a-4580-9613-a3ffca233dd3,лить,f5b82a9c82f6d870ec253e4c3fa96d83,5,52,True
551cde73-acd4-4aa2-a282-ce9403ada9ff,кафе,f5b82a9c82f6d870ec253e4c3fa96d83,8,50,True
2fe576c4-779c-460a-b98e-aea5b1bbca21,окунать,f5b82a9c82f6d870ec253e4c3fa96d83,10,80,True
b5150064-18ad-42a2-8962-b4e7d84f7fb0,закуска перед едой,f5b82a9c82f6d870ec253e4c3fa96d83,12,104,True
082e8381-d5b2-43ce-9671-04d4dce4fbd6,кафе,9a0784a99ea13a8b06cb103c2c8c7f0f,12,45,True
c82e7576-e6ef-4549-a27a-c4f514cdb6fd,помощник повара,9a0784a99ea13a8b06cb103c2c8c7f0f,10,81,True
c4d87e40-d5c7-40a3-8b02-7fbf6276b5d1,резервирование; бронирование,9a0784a99ea13a8b06cb103c2c8c7f0f,18,74,True
5eb7d9d6-2e9a-49e5-9897-fb251cfa2c4e,жадно есть,9a0784a99ea13a8b06cb103c2c8c7f0f,17,85,True
c3c6717c-b528-45bb-9d9f-58a3e69ef51b,прием пищи,9a0784a99ea13a8b06cb103c2c8c7f0f,22,71,True
145a5acb-8a6e-4fdc-a917-c77c768a4478,откупоривать,9a0784a99ea13a8b06cb103c2c8c7f0f,21,67,True
57728521-87e8-4ebf-b4f7-0fe95909649c,жадно есть,185bd3a81d9d618518d10abebf0d17a8,8,60,True
83ebae54-c5fa-4d3a-b972-10d1d8f6326f,закуска перед едой,185bd3a81d9d618518d10abebf0d17a8,12,67,True
cd9df77d-347c-4c71-843b-a6d5f0717f6a,кафе,185bd3a81d9d618518d10abebf0d17a8,11,58,True
4c0c1d70-844b-4df2-82be-f53f2919a4d2,жевать,185bd3a81d9d618518d10abebf0d17a8,7,80,True
2bd21164-43ef-47ff-b71f-3099f57c2124,MakDonalds,9a0784a99ea13a8b06cb103c2c8c7f0f,11,69,True
1ac58cbc-a0c9-44f7-b977-4a79cf686cd3,откупоривать,185bd3a81d9d618518d10abebf0d17a8,19,62,True
00cf9416-df68-4f5b-9235-347599754353,вкусный,185bd3a81d9d618518d10abebf0d17a8,14,51,True
4ade59b3-5df1-4212-ae0b-5a7bc5317abf,бутылка,185bd3a81d9d618518d10abebf0d17a8,15,67,True
80bb32f2-687c-4e4b-a391-549b5ce01e8d,прием пищи,185bd3a81d9d618518d10abebf0d17a8,8,47,True
7af9b285-c2e4-4128-8acd-c7c4f2c71376,MakDonalds,185bd3a81d9d618518d10abebf0d17a8,9,56,True
198099f0-af17-4106-a30a-2d0e566dfd6c,резервирование; бронирование,185bd3a81d9d618518d10abebf0d17a8,5,68,True
57bdec03-a9dc-4da9-a921-743f976df3e7,кубок,185bd3a81d9d618518d10abebf0d17a8,11,67,True
08728aaf-d69a-42e4-be5b-f96059b7fe08,предложить тост,185bd3a81d9d618518d10abebf0d17a8,19,68,True
ef5b5cc0-468b-4e7f-8288-5e161b5fd0bc,помощник повара,185bd3a81d9d618518d10abebf0d17a8,11,90,True
bfd2ed44-86be-4f83-bf30-df876e8c33b4,женский туалет,185bd3a81d9d618518d10abebf0d17a8,6,67,True
57bdb428-9c85-4123-81fe-5d84c75f674f,кафетерий,185bd3a81d9d618518d10abebf0d17a8,17,72,True
aed32ba7-72ff-4b7a-a621-04260b4456c5,аппетит,185bd3a81d9d618518d10abebf0d17a8,9,81,True
3c54f297-cb1d-452d-abdc-c32ec58169da,переваривать,185bd3a81d9d618518d10abebf0d17a8,13,113,True
74af210b-1d29-42b8-88b2-5bb66af94e5a,мужской туалет,185bd3a81d9d618518d10abebf0d17a8,7,72,True
f6f9a336-c90d-4671-ba04-fd4c2607e166,ароматный,185bd3a81d9d618518d10abebf0d17a8,11,92,True
fdc9834f-b635-4161-bf4c-e707c2aaea85,кафе,d2b4042ec6d8505a41b809e64d5adb7c,30,76,True
ba5d75e3-0eef-423a-92d8-a13027122aaf,бутылка,d2b4042ec6d8505a41b809e64d5adb7c,3,35,True
1d9e619c-1fdd-4ca0-a721-75d44a091068,кусок; тонкими слоями,185bd3a81d9d618518d10abebf0d17a8,9,98,True
8d3451f0-5692-486b-b919-f8e338eef233,аллергия на еду,185bd3a81d9d618518d10abebf0d17a8,9,83,True
5dad17b4-d420-46dc-8f1c-e000145a4791,обедать,185bd3a81d9d618518d10abebf0d17a8,10,69,True
db2b695a-e80d-4ec3-9312-5510cb730d38,заказывать,185bd3a81d9d618518d10abebf0d17a8,20,68,True
1b376fe3-b9b5-46aa-8a4b-a2b5c2b4067d,"нежный, мягкий",185bd3a81d9d618518d10abebf0d17a8,15,61,True
d2f940fc-353e-4987-a024-1919806d9b52,кружка,185bd3a81d9d618518d10abebf0d17a8,17,97,True
36b44ced-5cab-4744-955b-a4189f4a12a4,вкус,185bd3a81d9d618518d10abebf0d17a8,23,78,True
65ec2560-0217-4657-93c7-7782d35acca6,вилка,185bd3a81d9d618518d10abebf0d17a8,12,76,True
2e6da3ba-b798-496f-84b8-dfcea6edce1b,кормить,185bd3a81d9d618518d10abebf0d17a8,9,59,True
7f29966d-d0b3-48d9-a5de-e6dfe972b163,делать мелкий глоток,185bd3a81d9d618518d10abebf0d17a8,19,62,True
7e1943ec-e439-49f0-af1f-d4fc690284e1,банкет,185bd3a81d9d618518d10abebf0d17a8,14,65,True
c3eed3cf-afb5-46a9-86bb-49ab41ebc515,кусать,185bd3a81d9d618518d10abebf0d17a8,17,61,True
4eee94fd-fcd6-4899-b56e-cecc4d75bc87,кувшин,185bd3a81d9d618518d10abebf0d17a8,22,74,True
4d9fdcdc-3693-48ad-bab7-f63e92d596b5,глотать,185bd3a81d9d618518d10abebf0d17a8,14,53,True
7e1e057e-4974-40b8-a27c-1ffca3bc1d13,диета,185bd3a81d9d618518d10abebf0d17a8,19,85,True
3f9eda7a-6aba-436e-84e1-3682f5a1a3b5,ресторан,185bd3a81d9d618518d10abebf0d17a8,25,62,True
abfc1f12-f61a-48e7-98cc-ca5e0070500f,переваривание,185bd3a81d9d618518d10abebf0d17a8,4,75,True
6c4ebbd2-2957-4c4f-85b7-20479bb9c2bc,официант,185bd3a81d9d618518d10abebf0d17a8,14,67,True
6169f7d1-b348-4d07-950a-5271c0d2555c,вкусный,9a0784a99ea13a8b06cb103c2c8c7f0f,15,54,True
11c3f94f-6808-45eb-9dd7-58ac4b0857f2,кусать,9a0784a99ea13a8b06cb103c2c8c7f0f,20,63,True
d5d345da-81cf-4a96-80d5-1cddd9210304,аллергия на еду,9a0784a99ea13a8b06cb103c2c8c7f0f,22,86,True
d0bb378f-5e1c-4e55-969c-ca2b67598a92,аппетит,9a0784a99ea13a8b06cb103c2c8c7f0f,20,82,True
2b3863ec-35a2-4a48-9d39-f3823aac4a59,кубок,9a0784a99ea13a8b06cb103c2c8c7f0f,11,67,True
a95e85ae-dba1-4705-83e3-c79a533b9a01,бутылка,9a0784a99ea13a8b06cb103c2c8c7f0f,0,51,True
f14f74eb-4e8e-4c67-badd-a7951dbf9b1d,кусок; тонкими слоями,9a0784a99ea13a8b06cb103c2c8c7f0f,29,113,True
45a11985-09e2-4589-b5a0-dbefa9d81ef3,кружка,9a0784a99ea13a8b06cb103c2c8c7f0f,14,103,True
e853c663-316a-4ce3-83de-052f53a4c2d2,заказывать,9a0784a99ea13a8b06cb103c2c8c7f0f,8,50,True
d57f5a5d-b2a5-45cf-b377-ed4241fc247e,заварочный чайник,9a0784a99ea13a8b06cb103c2c8c7f0f,18,100,True
0bace900-94cf-41ff-943f-044a09a053c7,"нежный, мягкий",9a0784a99ea13a8b06cb103c2c8c7f0f,28,79,True
887830dc-080f-4a7a-bf0f-8108efb76be5,ароматный,9a0784a99ea13a8b06cb103c2c8c7f0f,13,75,True
841dbec7-a4ee-41e0-966d-1bd5159f5f36,вилка,9a0784a99ea13a8b06cb103c2c8c7f0f,32,90,True
414f2bcf-7dc0-4552-80aa-c7a4eed73598,переваривать,9a0784a99ea13a8b06cb103c2c8c7f0f,11,118,True
066c1cf9-b58c-45e5-953b-7c0b0591a330,кафетерий,d2b4042ec6d8505a41b809e64d5adb7c,0,31,True
3cd2c69b-0d42-4aa4-a7e0-8b3026aa47b3,кувшин,9a0784a99ea13a8b06cb103c2c8c7f0f,21,67,True
6ec12318-adab-4f36-9086-cfa6ff6055d1,питьевая вода,d2b4042ec6d8505a41b809e64d5adb7c,1,44,True
9e1f5508-59b1-46e6-9e24-6f7e26c0661c,вкус,9a0784a99ea13a8b06cb103c2c8c7f0f,0,40,True
b2c062eb-c2fd-4d24-927e-1d4437873fa4,заварочный чайник,185bd3a81d9d618518d10abebf0d17a8,15,95,True
0f66afa6-b072-4766-b9f6-49ab9717be2b,питьевая вода,185bd3a81d9d618518d10abebf0d17a8,27,90,True
80b041d7-2292-416e-8971-df9d08d9624a,повар,185bd3a81d9d618518d10abebf0d17a8,8,84,True
f2adf3c9-b4a5-41f6-972e-b3491a66d732,лить,f2dc6eab563f93d86629c1cfe479f09d,26,56,True
d6f52d08-f51b-4f61-80fd-932a040550c8,окунать,ca6b767f0cccf093ba737ae2fc4fec3d,0,77,True
372e8730-fece-43b2-8244-27ddfd10e6a7,окунать,53c3af7712ee8220b2faed1a55a82eca,17,59,True
7cddd531-1b7d-4f0f-b6b5-a72a7c61c614,закуска перед едой,53c3af7712ee8220b2faed1a55a82eca,29,74,True
e9ca0789-269d-4a0c-9034-f99b81ec284c,вкусный,53c3af7712ee8220b2faed1a55a82eca,15,50,True
97498a0b-2fe2-40f0-84a5-734f8676b9da,"нежный, мягкий",53c3af7712ee8220b2faed1a55a82eca,37,88,True
6bb6d6a6-2863-4aec-8234-992988053019,кубок,53c3af7712ee8220b2faed1a55a82eca,27,79,True
70e578ce-e378-41e1-9700-56ac09280172,откупоривать,53c3af7712ee8220b2faed1a55a82eca,26,66,True
9a6ad582-7506-4ae1-a9a9-8951371b7b24,заказывать,53c3af7712ee8220b2faed1a55a82eca,21,39,True
d56d7f78-4146-49ab-af7e-73e937e5cb73,банкет,53c3af7712ee8220b2faed1a55a82eca,21,65,True
e7a8e6b6-61a2-4b32-98b0-fd1ceb442ccd,делать мелкий глоток,53c3af7712ee8220b2faed1a55a82eca,24,68,True
35188c74-9ba8-4cfb-8e29-75c5289760f5,официант,53c3af7712ee8220b2faed1a55a82eca,29,74,True
d46292d5-c618-4d91-8d60-6a55f646ca56,обедать,53c3af7712ee8220b2faed1a55a82eca,31,80,True
a8ec68a9-9943-46da-96a3-8b1fcd725f93,повар,53c3af7712ee8220b2faed1a55a82eca,21,66,True
79a63625-8c7f-4d1e-a594-882b83d9359f,кафе,f2dc6eab563f93d86629c1cfe479f09d,25,60,True
d6537130-3b49-4852-a96e-eef0023f1993,кормить,f2dc6eab563f93d86629c1cfe479f09d,11,53,True
ff7ce572-c02f-477d-9b34-963f13cae5c6,предложить тост,f2dc6eab563f93d86629c1cfe479f09d,13,54,True
c2f68026-f875-4921-92d3-110ba28201a6,аппетит,f2dc6eab563f93d86629c1cfe479f09d,9,61,True
1770f854-f219-4059-9e3f-0c586b689371,кусать,f2dc6eab563f93d86629c1cfe479f09d,13,48,True
3232ddbd-23a0-4a67-88f8-635cb9e168da,женский туалет,f2dc6eab563f93d86629c1cfe479f09d,18,69,True
cfac3e7b-c489-47cc-95c7-3eead6f9bda8,откупоривать,f2dc6eab563f93d86629c1cfe479f09d,5,44,True
c1fae0bb-d307-4ab0-b6d6-eec36a3f9ed0,вкус,f2dc6eab563f93d86629c1cfe479f09d,4,39,True
3d2b4d07-74e0-41c3-869b-5d60c16ecf37,мужской туалет,f2dc6eab563f93d86629c1cfe479f09d,0,39,True
47c1fc46-419d-4ed6-b237-0e1709539887,глотать,f2dc6eab563f93d86629c1cfe479f09d,9,33,True
bbcaeecb-decf-4bab-9d9e-ac24218af922,заказывать,f2dc6eab563f93d86629c1cfe479f09d,14,42,True
9b73c776-7642-4886-8cc5-c1200b7ce2ac,"нежный, мягкий",f2dc6eab563f93d86629c1cfe479f09d,21,56,True
667198c3-e2e5-4a1e-b92e-7f18480ad28c,заварочный чайник,f2dc6eab563f93d86629c1cfe479f09d,7,61,True
6842ef17-d49d-49ed-a23b-d5383c74af4c,кружка,f2dc6eab563f93d86629c1cfe479f09d,13,65,True
25f5d79d-ee64-4a30-8ba4-840823b008ae,переваривание,f2dc6eab563f93d86629c1cfe479f09d,13,71,True
eeb41d34-c524-4720-a5a9-e1d69ff26f5c,делать мелкий глоток,f2dc6eab563f93d86629c1cfe479f09d,17,56,True
7b89969a-9a9d-4b06-a0af-ad3119b02ea3,диета,f2dc6eab563f93d86629c1cfe479f09d,8,52,True
4fd6f135-65a6-472e-b901-40ce18c1211b,помощник повара,fc6e5caa3dc328e7558b072e6607e399,20,111,True
a19de365-7ce5-46b9-a2cf-61b71eefe9b6,прием пищи,fc6e5caa3dc328e7558b072e6607e399,19,56,True
0d4701fb-12d5-47c5-b598-283cd7f6abd4,жадно есть,fc6e5caa3dc328e7558b072e6607e399,7,74,True
a4a5b205-d928-4a49-96e5-7e78b3ff2138,бутылка,fc6e5caa3dc328e7558b072e6607e399,9,59,True
6525b6ae-2a4a-4e95-b773-789bd517c0ca,жевать,fc6e5caa3dc328e7558b072e6607e399,14,63,True
75563265-858e-43fb-b754-5e9369a3f79c,закуска перед едой,fc6e5caa3dc328e7558b072e6607e399,11,66,True
b2bbc2b1-369f-41f6-8ae4-66caea391a64,откупоривать,fc6e5caa3dc328e7558b072e6607e399,12,60,True
6498a830-da61-4a70-999e-71eb96054ec5,кормить,fc6e5caa3dc328e7558b072e6607e399,23,53,True
0de2358b-54b2-4b3d-ba58-69a10987ab89,вкусный,fc6e5caa3dc328e7558b072e6607e399,9,59,True
98088e79-5211-4985-ba39-cc5798544d9e,кубок,fc6e5caa3dc328e7558b072e6607e399,13,88,True
e13bd6fe-c359-45c0-bd22-0fd543f7a4b5,лить,fc6e5caa3dc328e7558b072e6607e399,17,56,True
c73a033d-ae43-424e-af2c-ac20470c3660,переваривать,fc6e5caa3dc328e7558b072e6607e399,8,92,True
74c4e9aa-0820-4167-8c61-c9c8c609a7da,"нежный, мягкий",fc6e5caa3dc328e7558b072e6607e399,14,58,True
8aac196b-eace-43c2-95ff-10cf13baa8cf,резервирование; бронирование,fc6e5caa3dc328e7558b072e6607e399,20,55,True
e859c53b-5c98-4f88-ba37-8e47639f0ada,аппетит,fc6e5caa3dc328e7558b072e6607e399,30,90,True
083f67b5-aa89-4fb7-876a-e368a8456f9f,кафетерий,fc6e5caa3dc328e7558b072e6607e399,8,66,True
66569303-d0a3-4944-8843-d143156da214,MakDonalds,fc6e5caa3dc328e7558b072e6607e399,12,55,True
b8fe87c0-4e08-4b98-b9c9-e6208461b3c3,кусок; тонкими слоями,fc6e5caa3dc328e7558b072e6607e399,22,113,True
fcd4c237-f78c-4358-8995-8754da6fa03e,ароматный,fc6e5caa3dc328e7558b072e6607e399,13,69,True
0bb7eee1-5796-4015-8220-89eaa8a6a9c4,вилка,fc6e5caa3dc328e7558b072e6607e399,11,57,True
ab8489f0-b55f-4fdf-a671-46ddea8d3735,кусать,fc6e5caa3dc328e7558b072e6607e399,18,66,True
9c86ac3f-e27a-4654-a5b2-8bfe0f9ad809,обедать,fc6e5caa3dc328e7558b072e6607e399,15,55,True
9cf5e4ba-cea5-45ac-9ee3-007b3bf5734a,глотать,fc6e5caa3dc328e7558b072e6607e399,15,50,True
02608342-4ed5-47c4-9d4a-545e210631f1,вкус,fc6e5caa3dc328e7558b072e6607e399,15,83,True
86ae96a8-6272-489d-9e9a-119e36b00dbb,кружка,fc6e5caa3dc328e7558b072e6607e399,20,86,True
56630d10-2b60-428e-b583-2fc7b941e343,женский туалет,fc6e5caa3dc328e7558b072e6607e399,14,79,True
88e855b4-5988-4ee1-a84f-ebc320f62fe7,банкет,fc6e5caa3dc328e7558b072e6607e399,7,56,True
ba2d35b7-e9c2-4df7-8fb8-23816b350038,заказывать,fc6e5caa3dc328e7558b072e6607e399,12,46,True
d0852834-f8b6-4f9c-a589-94caf60f5265,заварочный чайник,fc6e5caa3dc328e7558b072e6607e399,11,64,True
c2cc127d-0819-4abe-a1fe-d3140643603b,делать мелкий глоток,fc6e5caa3dc328e7558b072e6607e399,15,59,True
1d7d4078-4a4f-487c-8826-9bcc80ef8cba,повар,fc6e5caa3dc328e7558b072e6607e399,14,75,True
125eee6f-740c-40ba-9300-00d175f9fce2,переваривание,fc6e5caa3dc328e7558b072e6607e399,6,68,True
4158a917-1d5f-4870-a69d-739cb3399c19,мужской туалет,fc6e5caa3dc328e7558b072e6607e399,10,78,True
ba803205-5634-49b9-9dfa-d4a95d8972f2,аллергия на еду,fc6e5caa3dc328e7558b072e6607e399,12,75,True
9629081c-7623-4ca0-b367-dec0a4cc72fb,кафе,fc6e5caa3dc328e7558b072e6607e399,11,49,True
f5bee740-2e4e-4fa5-bfd4-7592274551be,предложить тост,fc6e5caa3dc328e7558b072e6607e399,70,131,True
99323c5e-7934-4f10-a43e-d201f83e808f,диета,fc6e5caa3dc328e7558b072e6607e399,25,80,True
2b206bd0-7f0f-43e1-99fa-08512446c1c8,официант,fc6e5caa3dc328e7558b072e6607e399,12,83,True
e42de6eb-d8c5-465d-822e-2dcedb434466,ресторан,fc6e5caa3dc328e7558b072e6607e399,17,58,True
68e5af0e-2b09-47a5-82a5-ab6ad69bd5ff,кувшин,fc6e5caa3dc328e7558b072e6607e399,8,53,True
94408385-d63b-4099-9c1f-755f805fd363,питьевая вода,fc6e5caa3dc328e7558b072e6607e399,13,61,True
585da2ba-a3d7-4664-a230-81f9a9a22586,диета,9a0784a99ea13a8b06cb103c2c8c7f0f,21,68,True
5b8012fb-9b9f-46c6-85ef-4b489a01349e,прием пищи,3dd2ce2659aada17b976390004ebe322,25,57,True
477c6763-45a2-46ed-a52e-0ffde1c128fa,вкусный,3dd2ce2659aada17b976390004ebe322,27,64,True
f7bfeef9-33a9-4d28-ada9-bcddac004dce,резервирование; бронирование,3dd2ce2659aada17b976390004ebe322,2,46,True
7706ffa4-6c9c-4c68-aea6-f1a68086daa6,аллергия на еду,3dd2ce2659aada17b976390004ebe322,24,81,True
5f83dd20-996f-4927-b94a-d31d114c4242,кормить,3dd2ce2659aada17b976390004ebe322,12,51,True
96605517-0ca7-419d-bb62-a66987b386ef,жевать,3dd2ce2659aada17b976390004ebe322,21,68,True
c5d51aff-76f5-463c-9f76-e88f5d587ee6,лить,3dd2ce2659aada17b976390004ebe322,12,54,True
efbd1bd8-f066-4117-b02c-c6acd3ac7226,кормить,4d26ad833542291c50de9ce88fb4f64a,34,97,True
91444d37-e6ce-4440-ad6a-09526818f079,помощник повара,4d26ad833542291c50de9ce88fb4f64a,28,143,True
c8a21932-0e34-4201-b961-0a193ae0ec30,обедать,3dd2ce2659aada17b976390004ebe322,10,62,True
6aba52f5-c345-4ec4-93ba-3d1a7f9047bb,глотать,3dd2ce2659aada17b976390004ebe322,8,39,True
c8e5a2e6-185e-468e-88fd-ea7f9adc4576,окунать,4d26ad833542291c50de9ce88fb4f64a,27,111,True
7854aeb9-bbac-4dea-8ad8-aa00098e819f,закуска перед едой,4d26ad833542291c50de9ce88fb4f64a,13,79,True
64f6b25a-8ed8-403f-81cc-625ba635e223,вкусный,ca6b767f0cccf093ba737ae2fc4fec3d,8,44,True
142c282a-ff6e-425a-850c-abb5c1591168,помощник повара,ca6b767f0cccf093ba737ae2fc4fec3d,0,90,True
b57e89ef-b368-47f0-ae8e-8f8518b16e6f,закуска перед едой,5a1e657dca17f2e11a30bf328bc3f899,19,57,True
81aef950-bc8c-4291-910a-93bf7e02c14a,женский туалет,ca6b767f0cccf093ba737ae2fc4fec3d,0,60,True
c58d75eb-3d9e-469b-847b-19f95f2d38b3,переваривать,4d26ad833542291c50de9ce88fb4f64a,13,91,True
377a2a65-4745-488e-9c58-9d5dd621c76e,женский туалет,4d26ad833542291c50de9ce88fb4f64a,12,90,True
e12e0160-56ad-4921-a38c-2a03518e21b1,жевать,f5b82a9c82f6d870ec253e4c3fa96d83,24,89,True
d0f5f1bb-47f4-4d11-9996-a78a53ac7edd,кафетерий,f5b82a9c82f6d870ec253e4c3fa96d83,10,65,True
2d7b631d-65d0-4551-ba5e-3166ad8ded9c,бутылка,f5b82a9c82f6d870ec253e4c3fa96d83,20,97,True
e8e0f0e9-75fb-4293-be16-05dd70dc5db1,прием пищи,f5b82a9c82f6d870ec253e4c3fa96d83,9,55,True
d69d8420-ffc1-42d5-a88c-8b4babea79ed,резервирование; бронирование,f5b82a9c82f6d870ec253e4c3fa96d83,6,61,True
a6558f2a-cf53-43df-8890-a7a219640427,обедать,f5b82a9c82f6d870ec253e4c3fa96d83,8,69,True
d46dbb66-28c4-4233-b039-2c0025339ab0,заказывать,f5b82a9c82f6d870ec253e4c3fa96d83,13,75,True
722decd6-121e-4050-bacf-59fce85242e1,окунать,a2831ac841c337c541b9f89d169ec69b,33,101,True
e91fe37b-d3c9-45b7-a659-618b35f65f10,помощник повара,a2831ac841c337c541b9f89d169ec69b,24,107,True
38fd6535-a8a9-4c5b-ab6d-4dbb6f60d9fb,аппетит,a2831ac841c337c541b9f89d169ec69b,25,71,True
c2fd52ef-0006-43c7-aa7b-33d4492b2975,предложить тост,a2831ac841c337c541b9f89d169ec69b,11,75,True
4fb31d2d-cc40-4990-a660-3332d55b2fe6,вилка,a2831ac841c337c541b9f89d169ec69b,26,96,True
dc30bdc2-31d1-42ad-9eb2-40f0994914e1,заказывать,a2831ac841c337c541b9f89d169ec69b,20,69,True
a7f15b71-91de-4a82-acd6-095b30aa5835,заварочный чайник,a2831ac841c337c541b9f89d169ec69b,24,91,True
ee82e7da-0672-4e41-83be-dc31976b5844,кувшин,a2831ac841c337c541b9f89d169ec69b,24,86,True
edfc05ac-efcf-4d8a-a5a4-571646f100b7,кафе,12c7911f38c7113ce13c71dbd785ce22,30,52,True
c4fa5d15-1441-4719-b9df-3a9e69d9ec46,прием пищи,e4bd328bca8e6f51bd6f4f019692b666,7,45,True
259f3087-fc18-491a-8230-e846f82a86a0,откупоривать,e4bd328bca8e6f51bd6f4f019692b666,7,41,True
d342ca24-264a-43fe-a9f7-3aeba737a36a,кубок,e4bd328bca8e6f51bd6f4f019692b666,4,57,True
941b0102-23c4-4e37-b042-7e826a6d2398,резервирование; бронирование,e4bd328bca8e6f51bd6f4f019692b666,4,38,True
28d820a6-1815-4419-aab5-147a0109f916,откупоривать,12c7911f38c7113ce13c71dbd785ce22,9,66,True
d3e53cc1-81ed-421a-ba19-75db681b51a0,кафетерий,12c7911f38c7113ce13c71dbd785ce22,29,85,True
4121845e-8323-4209-ab81-4a9ffc024624,аллергия на еду,12c7911f38c7113ce13c71dbd785ce22,18,79,True
08fceeb8-d8de-4dec-bc4b-3a644878f2aa,официант,12c7911f38c7113ce13c71dbd785ce22,14,70,True
83999d72-2452-4936-aed5-ff0eac54aeef,кувшин,e4bd328bca8e6f51bd6f4f019692b666,11,53,True
074fa770-6906-41d2-a7a1-da121fdda458,глотать,e4bd328bca8e6f51bd6f4f019692b666,4,36,True
92223a1c-115c-4d10-bfee-cfb7599c57fb,предложить тост,798aa826b6129d33f72f62d4ba60b681,10,98,True
c4d68ed0-1283-4078-a937-61ae7d216002,ресторан,798aa826b6129d33f72f62d4ba60b681,24,88,True
4ef7d452-c825-48f7-8307-ea6ca8323498,ароматный,798aa826b6129d33f72f62d4ba60b681,14,74,True
f29dee74-6d80-4507-9561-e3da3735aca7,лить,4299b8ccf39ace57287b463fbe4a489b,21,68,True
95194d71-de04-464b-9bc3-dbedf1f5d2ba,закуска перед едой,4299b8ccf39ace57287b463fbe4a489b,27,86,True
66022ece-851c-4fb8-985d-bd801afbaa08,кормить,4299b8ccf39ace57287b463fbe4a489b,23,72,True
5424ac77-bb5a-4a78-a404-bd20f0de0635,предложить тост,4299b8ccf39ace57287b463fbe4a489b,17,76,True
64a547a9-01ea-4b9f-aa70-644a0a0d02d5,помощник повара,4299b8ccf39ace57287b463fbe4a489b,25,103,True
be10b4b2-567c-4bad-95de-fe06bd4fb317,кусать,f5b82a9c82f6d870ec253e4c3fa96d83,10,75,True
d9a58d63-95ba-4193-a648-6eb9c1c02dce,банкет,f5b82a9c82f6d870ec253e4c3fa96d83,14,93,True
216d839a-6ebf-4078-b424-cb00f8b44f5d,вкусный,4299b8ccf39ace57287b463fbe4a489b,18,60,True
b224518f-bebe-41e3-89b6-ddffa97601d7,вилка,4299b8ccf39ace57287b463fbe4a489b,28,70,True
f1342657-1636-4355-b7ef-930f5363ccc4,ароматный,4299b8ccf39ace57287b463fbe4a489b,31,87,True
e4f4e394-dc91-4b43-a500-817e9553a6c7,кружка,4299b8ccf39ace57287b463fbe4a489b,27,66,True
e40570b5-9188-4996-9b66-0fd72216393a,вкус,4299b8ccf39ace57287b463fbe4a489b,19,64,True
e42f6c7a-2ecc-43a3-b911-012fdaf0dc06,кусок; тонкими слоями,4299b8ccf39ace57287b463fbe4a489b,26,93,True
2b6d8193-71a6-4b78-94af-a9c34088928a,глотать,4299b8ccf39ace57287b463fbe4a489b,29,63,True
cfdc8814-03ed-4137-9c82-0ea8ea5df6c6,обедать,4299b8ccf39ace57287b463fbe4a489b,31,72,True
389d1b94-b054-4e0e-9d19-ed1611d2b549,делать мелкий глоток,4299b8ccf39ace57287b463fbe4a489b,19,58,True
648d60e0-57e9-4f02-91ac-e89e5e1cb27e,прием пищи,4299b8ccf39ace57287b463fbe4a489b,14,41,True
756c26db-7e74-48e0-b3a2-6ecb2d7b851f,переваривать,4299b8ccf39ace57287b463fbe4a489b,13,70,True
5f3eab72-43b2-425f-8ed3-4c85fdf52700,банкет,4299b8ccf39ace57287b463fbe4a489b,16,55,True
2deb267c-6031-4edc-967c-b01b9ac83788,питьевая вода,4299b8ccf39ace57287b463fbe4a489b,23,56,True
0fe7a4be-9799-4dd7-a32a-fb1c988b48fe,переваривание,4299b8ccf39ace57287b463fbe4a489b,26,76,True
8b180c8a-7a97-4a90-ae14-78fe3ca7b471,повар,4299b8ccf39ace57287b463fbe4a489b,30,72,True
19409bf2-79e3-4c0b-853c-28d668f32934,диета,4299b8ccf39ace57287b463fbe4a489b,29,65,True
40b9c98a-49ec-4691-9a9a-9eb8b99568cd,ароматный,f5b82a9c82f6d870ec253e4c3fa96d83,19,86,True
f5296c38-3d48-4d29-9e6d-c1fb8460981c,делать мелкий глоток,f5b82a9c82f6d870ec253e4c3fa96d83,8,60,True
5f4534e4-5247-4e6f-b062-1e0cd33f98ce,откупоривать,c80b4e57f158f28299b2a89694c42329,15,93,True
cb436c4b-8e72-4a69-9802-fe7b33bfad6e,предложить тост,c80b4e57f158f28299b2a89694c42329,19,90,True
b3309319-7ee0-441c-940f-ab62af081ca2,женский туалет,c80b4e57f158f28299b2a89694c42329,25,110,True
09cfdb32-cf0c-4d41-8553-414aa581295d,кусать,c80b4e57f158f28299b2a89694c42329,33,87,True
937448bb-eddd-4085-a59f-eb164fb9eb19,вилка,c80b4e57f158f28299b2a89694c42329,24,79,True
b06d0053-395b-4157-a2a7-c902fc0bc92f,кусок; тонкими слоями,c80b4e57f158f28299b2a89694c42329,32,140,True
8e333e5c-dbcc-4fa8-a331-87294cdd4cf6,глотать,c80b4e57f158f28299b2a89694c42329,5,47,True
5720b157-163a-4e28-a710-322cac506a72,кубок,c80b4e57f158f28299b2a89694c42329,10,85,True
d7fe47ae-903a-4fda-8dbf-d87476135818,MakDonalds,c80b4e57f158f28299b2a89694c42329,14,95,True
80d8f2fd-8569-4f84-9f23-68226772b7d8,банкет,c80b4e57f158f28299b2a89694c42329,14,77,True
bd84bcab-301d-40f4-9075-6a77bcc0516f,переваривание,c80b4e57f158f28299b2a89694c42329,18,106,True
7eaa8374-1222-4bf2-b437-0becaf489aea,заварочный чайник,c80b4e57f158f28299b2a89694c42329,28,103,True
d5edd9ef-6bb7-46f4-80c4-253352946435,повар,c80b4e57f158f28299b2a89694c42329,21,105,True
5bb7a7d4-2f8f-494f-a6de-9e7378a37b3b,кафетерий,ca6b767f0cccf093ba737ae2fc4fec3d,1,56,True
a264a977-21e7-48f0-a34f-7a467f088c8e,аппетит,4d26ad833542291c50de9ce88fb4f64a,9,106,True
1971ef9d-bf63-4445-bd12-4ed3dbbeb19f,MakDonalds,4d26ad833542291c50de9ce88fb4f64a,8,84,True
3df39008-3134-413b-af77-3141d26dcb08,кусать,4d26ad833542291c50de9ce88fb4f64a,8,82,True
24b7071f-7f08-4af6-92cb-526f93061a1e,ресторан,4d26ad833542291c50de9ce88fb4f64a,9,57,True
26601dfc-e360-405f-b39b-0d453a7ba143,вкус,4d26ad833542291c50de9ce88fb4f64a,6,62,True
79f2780b-a05b-491d-9789-d33dd6c9c42d,обедать,4d26ad833542291c50de9ce88fb4f64a,4,57,True
2cba3f1e-97bc-4402-9fd6-b15692604dc8,"нежный, мягкий",4d26ad833542291c50de9ce88fb4f64a,5,61,True
f4807b16-fa78-45c7-aeb0-a76d0a9ef926,повар,4d26ad833542291c50de9ce88fb4f64a,14,80,True
8c0ddc10-820a-4ff6-bdfc-dfed3626755b,бутылка,a95892dae1d320bd8b08cbca6a127cd8,10,49,True
a0a75271-8e07-4e94-b51b-f5916b267bb2,кафе,a95892dae1d320bd8b08cbca6a127cd8,15,42,True
a6e940ee-de64-4b67-b115-b3b5dc488a0e,предложить тост,92c73dfa328525ab086ae872d6614f14,34,91,True
486dff41-f6ad-4cba-b98f-3844d21c11b2,кормить,92c73dfa328525ab086ae872d6614f14,37,66,True
4e713593-449d-4caf-a6b7-fa02dd3afc19,лить,0d766757b1c647a82b52d15809a7cdfc,9,72,True
d1a6fd3f-27f1-459e-bd82-35e1c4da6e25,жевать,a95892dae1d320bd8b08cbca6a127cd8,7,59,True
15aafe19-0e94-437e-8451-5a1a2443db9b,резервирование; бронирование,a95892dae1d320bd8b08cbca6a127cd8,7,51,True
315e74d1-9d2d-45c7-9d5a-ee005b3a8c57,аллергия на еду,a95892dae1d320bd8b08cbca6a127cd8,6,48,True
8809ce4d-c0c0-4bc3-88b7-2f924b2cef5a,предложить тост,a95892dae1d320bd8b08cbca6a127cd8,12,61,True
a8edea50-1f26-42f8-ab80-b95d3276bfe0,ресторан,a95892dae1d320bd8b08cbca6a127cd8,11,40,True
bb086280-08ae-46b2-842e-2f16b8d5df34,мужской туалет,a95892dae1d320bd8b08cbca6a127cd8,7,59,True
75d0bed4-e056-4463-ba1f-09ef0f4cec21,жевать,e0ca58d03fc73a305046edcdf7ef7492,26,104,True
23000c1a-26a9-4554-8588-1143525337f3,бутылка,e0ca58d03fc73a305046edcdf7ef7492,19,85,True
f1cf1773-a645-432c-bcc4-625b49d06761,MakDonalds,9f9b13d8e63bd774b4ad1bd14f56147d,18,52,True
fe2b0576-51c4-4d85-a1b1-e6010eafab61,лить,e0ca58d03fc73a305046edcdf7ef7492,40,82,True
d7d77d8d-20f4-476a-881e-02acd77d68e2,аллергия на еду,9f9b13d8e63bd774b4ad1bd14f56147d,16,65,True
b701bb56-02ba-4b94-9245-b1ef53e0ed11,ресторан,9f9b13d8e63bd774b4ad1bd14f56147d,9,40,True
129eae03-9b3f-4a04-a2bd-15b0d12dc0c2,мужской туалет,9f9b13d8e63bd774b4ad1bd14f56147d,8,59,True
1e381ae9-f467-42fc-ba7f-b7e4b10c8bbc,кусок; тонкими слоями,9f9b13d8e63bd774b4ad1bd14f56147d,9,73,True
4e6b8711-e33e-4956-be3c-72f29feb1434,аппетит,9f9b13d8e63bd774b4ad1bd14f56147d,9,58,True
9a7209e5-6ad6-4127-9402-f5c65e149925,кружка,9f9b13d8e63bd774b4ad1bd14f56147d,9,45,True
0c8065b4-90af-4978-8817-0283b250a1f2,MakDonalds,a95892dae1d320bd8b08cbca6a127cd8,7,41,True
1dc8e0ee-3b7a-48f1-9836-636dcb95598e,женский туалет,e3e1fd4bbf07a0423ee20d5c9baa49cc,6,59,True
33270d18-76bf-4de7-bb12-add272fd7d37,жадно есть,a95892dae1d320bd8b08cbca6a127cd8,3,55,True
91beafeb-8a71-4ca8-a4c8-cef12356f330,вилка,a95892dae1d320bd8b08cbca6a127cd8,9,43,True
c2dc8eff-ee51-4d6a-b75b-f1770c773cbb,банкет,a95892dae1d320bd8b08cbca6a127cd8,11,48,True
fd3bf499-9c1e-418a-b707-e6f73053c4e1,питьевая вода,a95892dae1d320bd8b08cbca6a127cd8,9,39,True
1ab21c01-2a7e-4b9f-9595-e5b180aa52ba,аллергия на еду,3018b64d2c938f5b6a0826dfdf486f2c,27,94,True
820c4a1a-dc6f-40a0-b3cb-2c4acf6607ab,переваривать,3018b64d2c938f5b6a0826dfdf486f2c,17,102,True
e05ff648-7536-4a85-bfe6-0079736ab472,жевать,1ab43654b4272521194296de00fc34d5,9,45,True
82c8ff7c-6bfd-411b-a8a6-0bd2a79a844f,ароматный,3018b64d2c938f5b6a0826dfdf486f2c,27,89,True
f202e03f-e468-49a7-8bdd-85ba1db144a7,кувшин,3018b64d2c938f5b6a0826dfdf486f2c,30,86,True
1794120c-f2e3-496a-9a3a-d90b2b52d5c3,обедать,3018b64d2c938f5b6a0826dfdf486f2c,24,92,True
ccf6baab-47af-4a8f-995a-218f7ea1a836,заварочный чайник,3018b64d2c938f5b6a0826dfdf486f2c,33,119,True
343fe707-8b06-43e0-8931-8dfdaf8d08c3,вкус,3018b64d2c938f5b6a0826dfdf486f2c,19,75,True
b68966ba-9076-4366-a5b1-d288475d7f88,официант,3018b64d2c938f5b6a0826dfdf486f2c,34,110,True
3b780fda-d1ff-4af2-83a3-846c275e76ed,питьевая вода,3018b64d2c938f5b6a0826dfdf486f2c,9,59,True
463297b3-1387-4f73-ba94-4aec55c5b893,кубок,8fe40f6fd9510b901edd9e64641d8618,0,61,True
5fe42427-9a03-4024-9808-64e1a4b01177,мужской туалет,8fe40f6fd9510b901edd9e64641d8618,11,57,True
9b8afeeb-f391-4c3e-b5e4-a16bba6ddf08,вилка,8fe40f6fd9510b901edd9e64641d8618,0,40,True
bdacb7c3-1be9-48c7-894e-8c0e4e091626,переваривать,8fe40f6fd9510b901edd9e64641d8618,11,66,True
8e73ba3a-b16e-4b02-acc5-6b0d609590ad,жадно есть,8fe40f6fd9510b901edd9e64641d8618,0,65,True
47a6449a-2162-404b-917a-a800b6e9cae4,"нежный, мягкий",8fe40f6fd9510b901edd9e64641d8618,5,44,True
221c2632-c892-40ba-9a85-547cb17953fe,кружка,8fe40f6fd9510b901edd9e64641d8618,7,62,True
b58997c1-adc4-48ca-ad72-ebeeb959c46e,ресторан,e3e1fd4bbf07a0423ee20d5c9baa49cc,13,57,True
8f41568b-b807-4c08-9421-d56b4d903e59,жадно есть,e3e1fd4bbf07a0423ee20d5c9baa49cc,12,68,True
eed176d0-190d-4d5b-819b-be5f2e56d3f4,кафетерий,e3e1fd4bbf07a0423ee20d5c9baa49cc,16,65,True
7c49e375-20a3-4ef6-a282-8d2050128ed9,ароматный,e3e1fd4bbf07a0423ee20d5c9baa49cc,14,65,True
3640cb4c-05c4-4d00-a46f-d9e69c3d5f0f,ресторан,20f1589682a8e64769ae2ebc21b5fb6b,25,97,True
2d9e9f2f-ad12-467d-89a0-df1a2eab68db,"нежный, мягкий",20f1589682a8e64769ae2ebc21b5fb6b,27,100,True
51c5c64c-23fb-4b22-b42d-fafa99b89891,заварочный чайник,20f1589682a8e64769ae2ebc21b5fb6b,26,90,True
5ca5260e-13af-4ded-b15c-32699cb0e113,мужской туалет,20f1589682a8e64769ae2ebc21b5fb6b,21,86,True
2fe83c23-1ed7-409d-ad71-7e3a4b8182df,делать мелкий глоток,20f1589682a8e64769ae2ebc21b5fb6b,15,71,True
65a0f6fd-31b7-48b1-ad5d-e55e9f951a31,аппетит,20f1589682a8e64769ae2ebc21b5fb6b,35,107,True
fe868726-9ce7-43db-92ea-f8c3effe682d,жадно есть,20f1589682a8e64769ae2ebc21b5fb6b,29,98,True
716c06b2-617c-4792-a91a-38213b55c019,диета,20f1589682a8e64769ae2ebc21b5fb6b,30,85,True
5ec14582-e20f-433f-a414-cdba973bd7b5,питьевая вода,20f1589682a8e64769ae2ebc21b5fb6b,27,87,True
a2401466-e00f-4fae-bb23-8b8d8f38466f,переваривание,20f1589682a8e64769ae2ebc21b5fb6b,33,107,True
6fc31965-7ead-465d-b9b3-f2050cb154c9,кусок; тонкими слоями,e88c0621a4f9760225fbbff7f1a8b5bb,18,97,True
d0c43151-1774-4718-a302-8527cc0a510a,банкет,e0ca58d03fc73a305046edcdf7ef7492,18,84,True
20df4dd0-e7f8-43d7-b87b-996254402490,переваривание,e0ca58d03fc73a305046edcdf7ef7492,17,85,True
c38ae2ef-90a9-4838-8cca-b5371f510ba6,аллергия на еду,e0ca58d03fc73a305046edcdf7ef7492,19,109,True
e25f62b6-1df4-472d-bc39-0335b48a8c5d,кувшин,e0ca58d03fc73a305046edcdf7ef7492,33,74,True
a6202fd2-9f67-4d57-8242-ad50e18205fb,ресторан,e0ca58d03fc73a305046edcdf7ef7492,22,55,True
71ab9e75-f224-46a3-b09f-4dd8c6f42cf7,повар,e0ca58d03fc73a305046edcdf7ef7492,29,117,True
7f70eb31-3687-4b8f-8d05-bd017428d340,повар,2987f0ebb62c980d913d2d9ad1acab1e,11,82,True
655807b3-4ea3-45b9-8dd2-ee5a60248161,официант,9f9b13d8e63bd774b4ad1bd14f56147d,7,62,True
fc7e32f1-1888-4961-9ab1-c451942a03ff,переваривание,9f9b13d8e63bd774b4ad1bd14f56147d,17,57,True
7692ee1c-43a5-4c54-ad25-f3bb8e512bd6,официант,2987f0ebb62c980d913d2d9ad1acab1e,17,66,True
5d2dd05c-2edf-4f69-984f-bde8cb5aa22c,питьевая вода,2987f0ebb62c980d913d2d9ad1acab1e,23,73,True
f2eec795-165d-4868-b661-f7bca5de7ed8,питьевая вода,e3e1fd4bbf07a0423ee20d5c9baa49cc,8,49,True
406d9018-9438-4868-a0ce-6c324b070729,диета,ca6b767f0cccf093ba737ae2fc4fec3d,3,53,True
5a8d5526-c0e2-4b56-a3aa-889aba4ed33b,Плохо,3d9406830ebee60acbb259c2ad7d0589,16,46,True
dfa22f5d-93a9-49d7-9763-ca5772358273,Даже,2d84da20c251acaeb3186642fcb04f2e,9,40,True
81009c47-e1db-46f8-9a5c-be9383cbfcdc,Забрать,db573f94204e56e0cf3fc2ea000e5bdc,3,51,True
8c8df15c-de37-4f39-b728-f8958dbe8525,Лицо,3d9406830ebee60acbb259c2ad7d0589,4,63,True
2fbdbc3d-687f-4395-91c8-065d3dc9da71,Лицо,db573f94204e56e0cf3fc2ea000e5bdc,0,68,True
fa7474fc-06e3-4557-a58a-e077c9c7d209,Память,db573f94204e56e0cf3fc2ea000e5bdc,0,47,True
f9d060c9-d4ec-4345-8e38-a6a131d61f53,Даже,db573f94204e56e0cf3fc2ea000e5bdc,8,52,True
865f047a-8367-415e-ae36-3bf0a7e2abee,Плохо,db573f94204e56e0cf3fc2ea000e5bdc,2,52,True
0ef47a91-b9ed-45a2-ace9-77bda4087b3a,Смех,db573f94204e56e0cf3fc2ea000e5bdc,2,60,True
6ecaf79d-d78d-4334-ae7d-e41b24bcf9ba,Футбол,db573f94204e56e0cf3fc2ea000e5bdc,9,79,True
a357d356-3046-4357-bc41-32558e444082,Выручить,db573f94204e56e0cf3fc2ea000e5bdc,7,69,True
3e7d4a86-ba9b-4001-8220-d368133c978b,Соль,db573f94204e56e0cf3fc2ea000e5bdc,5,69,True
3fa6817f-d9a8-4ec7-b5fa-714b7d710813,Даже,b07a773bcb10b4f14f33d2b0e8ec58ba,36,73,True
324f5b9a-5e33-4a60-9609-435e69d1a2f1,Память,0d766757b1c647a82b52d15809a7cdfc,8,81,True
e4519e36-dfb0-4e5b-938d-a2cd0dd2fd70,Плохо,b407f95b926cc6499fa09e8445c77a10,28,70,True
ca119bf0-3f85-45ca-b467-49a1064cc280,Даже,c80b4e57f158f28299b2a89694c42329,15,50,True
3a671720-c748-4d2e-b866-4e3ba6023cda,Плохо,b07a773bcb10b4f14f33d2b0e8ec58ba,19,67,True
50232528-b2e9-4a3b-bb52-03d910b34bd7,Лицо,b07a773bcb10b4f14f33d2b0e8ec58ba,23,77,True
7fc00d4c-eaea-47a5-b9a6-0de74596eac9,Лицо,c80b4e57f158f28299b2a89694c42329,38,85,True
a28ef270-39a3-4de4-a4f5-5aed1216e4d2,Память,b407f95b926cc6499fa09e8445c77a10,15,60,True
70c24a0b-adaf-4e44-908c-cd277a4d36a2,Память,b07a773bcb10b4f14f33d2b0e8ec58ba,35,81,True
233f2262-88a2-41f3-8a93-23b9f4860dd2,Забрать,c80b4e57f158f28299b2a89694c42329,44,85,True
afe80ef4-7538-47cc-8b00-99229cf82ebe,Плохо,0041ec866777f12c384b64d8cd636277,20,68,True
5842f1bf-f2fc-4259-b24f-beb282170bb3,Чашка,b407f95b926cc6499fa09e8445c77a10,4,63,True
40e4925d-0297-486e-ace7-f6a806a30c2b,Забрать,3d9406830ebee60acbb259c2ad7d0589,3,37,True
ebe7ed47-f2b1-444d-8934-8745bfb1db8a,Чашка,b07a773bcb10b4f14f33d2b0e8ec58ba,49,101,True
4c827d84-fe68-4878-8d41-b026edb9dc09,Футбол,3d9406830ebee60acbb259c2ad7d0589,14,60,True
2776c19b-c5fc-478f-a93e-6dcd8ca080d6,Футбол,b07a773bcb10b4f14f33d2b0e8ec58ba,21,79,True
10203e45-b234-4014-8559-d121b6a0f0d1,Подробно,b07a773bcb10b4f14f33d2b0e8ec58ba,43,89,True
b4fa65c7-3630-4b07-91c5-f54c6588bec3,Плохо,656ebd01cf7323d8c1cb8a0ca72aa1a5,0,34,True
121e2e65-841a-4736-923c-7c3d026b814c,Соль,b07a773bcb10b4f14f33d2b0e8ec58ba,29,94,True
e3f63da0-aa30-49f1-98b1-5f122f9c8496,Корона,b07a773bcb10b4f14f33d2b0e8ec58ba,12,65,True
6559bf4a-bf31-4d85-8c34-fa27c86fabb1,Выручить,0041ec866777f12c384b64d8cd636277,12,74,True
c6178bc2-79f3-4cd8-89a0-4b7224930de3,Лицо,a356848cf0a72f961b81ebb6716f6131,7,56,True
e031de8e-0c9f-4955-9b45-412a46b50df1,Подробно,db573f94204e56e0cf3fc2ea000e5bdc,6,64,True
944362f9-2139-4f40-8312-f93d60ae2e2a,Забрать,656ebd01cf7323d8c1cb8a0ca72aa1a5,0,36,True
b0bcd7d5-e52b-4ece-a280-a701a8ee7a49,Смех,b07a773bcb10b4f14f33d2b0e8ec58ba,4,49,True
afddd5ab-2422-43b4-8970-72a8253aa275,Футбол,656ebd01cf7323d8c1cb8a0ca72aa1a5,0,59,True
37b7b0d8-62ee-43c4-9e01-943f7d49b837,Смех,3d9406830ebee60acbb259c2ad7d0589,17,56,True
8cbe7726-b0f4-4d84-a4da-22d9d678a0d6,Рубль,c80b4e57f158f28299b2a89694c42329,27,81,True
61d98f81-7f61-43d3-a70f-dd43fea25173,Корона,db573f94204e56e0cf3fc2ea000e5bdc,6,65,True
fc0b5663-78e1-46de-b877-5712d4ed74dc,Смех,656ebd01cf7323d8c1cb8a0ca72aa1a5,0,45,True
c799dba0-c254-4e47-96e2-967464b085e3,Чашка,db573f94204e56e0cf3fc2ea000e5bdc,1,53,True
e6fd322c-37ae-4b36-8adb-f09e32e72db2,Рубль,db573f94204e56e0cf3fc2ea000e5bdc,7,58,True
598ec85c-7afa-4b1d-8101-379510ad0bed,Даже,656ebd01cf7323d8c1cb8a0ca72aa1a5,0,33,True
167cb042-02e1-445e-887f-5973e8c214c3,Выручить,b07a773bcb10b4f14f33d2b0e8ec58ba,26,71,True
c4b54e67-c325-4242-a27f-ef2ac52a2c3c,Забрать,b07a773bcb10b4f14f33d2b0e8ec58ba,53,100,True
64323922-cdd2-4527-843b-560bff9ca3f3,Рубль,b07a773bcb10b4f14f33d2b0e8ec58ba,26,78,True
5d5d6676-7418-4403-ba97-8ca59d4c0996,Плохо,185bd3a81d9d618518d10abebf0d17a8,11,61,True
759b3602-7acc-4d75-8ffb-395107f99799,Память,185bd3a81d9d618518d10abebf0d17a8,7,67,True
3249455f-7b16-4c59-8948-10308d7468a5,Лицо,185bd3a81d9d618518d10abebf0d17a8,6,73,True
287cdc88-eabc-4439-8aa1-6b9724c20e0f,Память,46dd04a1caa75ed3082b573cb5a3ad26,6,47,True
69f2dfe7-a455-4126-9ddb-cdfbb36eb439,Память,3cf00ecfe200a3990d42c6464286d6fb,33,81,True
439d261c-8970-4fac-b4c9-e06990d1537e,Корона,b407f95b926cc6499fa09e8445c77a10,12,63,True
0aa21d5c-7c98-4a92-879c-acaa0350bf59,Чашка,46dd04a1caa75ed3082b573cb5a3ad26,5,54,True
98356004-59fa-46fa-a1ff-1f317014291a,Даже,46dd04a1caa75ed3082b573cb5a3ad26,0,45,True
28e6ed47-3023-4fa9-aa00-1392dc8b766d,Футбол,46dd04a1caa75ed3082b573cb5a3ad26,8,63,True
3463c12b-c421-4bd0-87ed-a87197f85d50,Даже,185bd3a81d9d618518d10abebf0d17a8,9,54,True
3970793e-b55b-4f48-89d7-075ce33c4bb6,Забрать,46dd04a1caa75ed3082b573cb5a3ad26,12,56,True
34f6b5b3-1288-49e8-9221-e2fc6c98a2ce,Лицо,46dd04a1caa75ed3082b573cb5a3ad26,9,69,True
37f59ea4-c879-42e2-b747-a4da256284c9,Плохо,46dd04a1caa75ed3082b573cb5a3ad26,6,55,True
2952cd43-af80-406c-8f40-aad89a9a721c,Смех,46dd04a1caa75ed3082b573cb5a3ad26,10,67,True
3a3183c8-89c5-41b2-8ea4-7f15fe82a360,Соль,46dd04a1caa75ed3082b573cb5a3ad26,6,78,True
9149b155-6186-4347-8dcd-faca446297de,Подробно,46dd04a1caa75ed3082b573cb5a3ad26,9,63,True
18e8173d-fe6c-4d73-b199-370c86256455,Рубль,46dd04a1caa75ed3082b573cb5a3ad26,12,83,True
ae1d51ce-a646-4527-8bd7-2dc1189a8621,Даже,52003757d6b63a3ee7a71f36f5a9a17b,19,59,True
b56aa6c8-afff-4712-89b0-8bdda22036da,Выручить,46dd04a1caa75ed3082b573cb5a3ad26,7,52,True
fdedcaee-dc59-41af-8906-741bdfb34256,Корона,46dd04a1caa75ed3082b573cb5a3ad26,5,68,True
c54b2acf-5884-41ac-97de-5f84417cd3fa,Чашка,185bd3a81d9d618518d10abebf0d17a8,5,63,True
beb25fe9-319f-4c99-95ed-47e64d23cc64,Корона,472fb939766ece63eb06e2d0e10eb679,1,57,True
2a748305-2416-4c61-9df8-96e7c67cf2df,Подробно,472fb939766ece63eb06e2d0e10eb679,5,61,True
8038610c-4dd7-4bf5-bb69-5ba6def161d6,Забрать,52003757d6b63a3ee7a71f36f5a9a17b,27,62,True
30e752f0-e7dc-4af7-86b3-864214028f66,Даже,3cf00ecfe200a3990d42c6464286d6fb,18,63,True
c8693d65-ce24-4da6-bf4a-0b909d5cd302,Соль,a356848cf0a72f961b81ebb6716f6131,10,53,True
9aee633b-5177-494c-b79e-09690594acfb,Футбол,185bd3a81d9d618518d10abebf0d17a8,9,77,True
27f48620-7228-4015-9ecb-0dfa2d4d7929,Даже,0211b488644476dd0fec656ccb9b74fc,43,85,True
54a67cda-a74b-444c-ad0d-3cae0513d3a2,Футбол,52003757d6b63a3ee7a71f36f5a9a17b,37,82,True
111e2262-b9ed-423d-839a-ff9e65c96cf1,Корона,3cf00ecfe200a3990d42c6464286d6fb,34,87,True
6078d513-9d3f-462c-ba44-03163291f453,Лицо,0211b488644476dd0fec656ccb9b74fc,43,98,True
2464fb79-4e58-4b25-b897-c06050358bdf,Плохо,0211b488644476dd0fec656ccb9b74fc,42,72,True
5b783066-d315-46c4-9693-0824af212ce8,Смех,185bd3a81d9d618518d10abebf0d17a8,8,56,True
f474e71c-31df-4438-bd34-ef5ac623bbe0,Футбол,0211b488644476dd0fec656ccb9b74fc,36,90,True
752dd42d-445b-42c2-99d5-0ad0e110a0fb,Выручить,185bd3a81d9d618518d10abebf0d17a8,9,59,True
44438990-04cd-44a6-a876-a20a4c148215,Чашка,0211b488644476dd0fec656ccb9b74fc,24,65,True
20eeb232-d558-4ccb-9f36-8d8ae0f90f96,Забрать,0211b488644476dd0fec656ccb9b74fc,34,74,True
0644592e-5fe2-4bf0-8950-bcd1fa68cff5,Забрать,185bd3a81d9d618518d10abebf0d17a8,10,64,True
65599389-36c4-408c-b544-e5f3adbc2366,Подробно,185bd3a81d9d618518d10abebf0d17a8,9,70,True
6aea6d3e-460b-4d3c-9dc7-91864227a0d8,Корона,185bd3a81d9d618518d10abebf0d17a8,9,74,True
8bed5ec8-b2a9-4acd-856c-c7f52300c04b,Память,feea6c22175f962ab28452f7314d1bc0,38,83,True
667573b1-763d-41ed-ba2c-8209234dc05f,Плохо,a95892dae1d320bd8b08cbca6a127cd8,4,40,True
fb41ed58-b0d5-4d12-979a-a6eb7e6aad0a,Соль,0211b488644476dd0fec656ccb9b74fc,32,95,True
69eba3d8-ca42-4920-88a6-f01d1cb356db,Подробно,0211b488644476dd0fec656ccb9b74fc,23,73,True
f74e5d87-3a8f-47a9-9842-68416da71c64,Рубль,feea6c22175f962ab28452f7314d1bc0,31,91,True
6d79e4cd-e0ed-4e91-8681-7aac8ebf7070,Смех,0211b488644476dd0fec656ccb9b74fc,36,79,True
28539a79-f570-457e-b0d5-6e6f9976eee6,Память,0211b488644476dd0fec656ccb9b74fc,27,81,True
aa4e6407-e849-4640-ba97-659d84c78d6d,Соль,a2831ac841c337c541b9f89d169ec69b,22,101,True
51367ff5-5d4a-451d-b8e6-6e072e898c6d,Корона,0211b488644476dd0fec656ccb9b74fc,26,86,True
2ac13182-f8af-491c-94bc-bcad47bf0cb9,Выручить,0211b488644476dd0fec656ccb9b74fc,31,81,True
779af58f-f9ca-4974-83ed-26d7005f486b,Плохо,6fefb7617d77222efd121f4a2d6a79d6,20,82,True
6a32f613-435a-4f70-933b-83642135f4c6,Рубль,0211b488644476dd0fec656ccb9b74fc,32,98,True
9d47e1ce-7967-4e5a-b06f-1940db076a8a,Корона,52003757d6b63a3ee7a71f36f5a9a17b,9,69,True
c9745580-2014-4c75-b9f9-6100018e7bb6,Подробно,52003757d6b63a3ee7a71f36f5a9a17b,42,100,True
feace498-715e-4a65-9dde-aec907280cad,Забрать,529c291e8d4fbf9e7e85287a3242ca93,18,72,True
7a704e54-c32b-4dfe-88c3-aa452eadad13,Память,d7b7f11ee70264bf8fd0d5dc7815d6ad,10,49,True
837c6a6d-b8f9-4207-bc8b-e27c2acd66ed,Смех,ab460ff83e8c5b13a705a9e2081023c2,10,56,True
7d9083d6-42fd-47ba-a3b8-88f7806fd2c3,Лицо,d7b7f11ee70264bf8fd0d5dc7815d6ad,11,81,True
67e72008-b844-4e63-9d17-002d7ef45fc9,Даже,d7b7f11ee70264bf8fd0d5dc7815d6ad,27,61,True
1bbbf50e-a3d9-4d06-806e-9d76ab84b40a,Плохо,0df9d6e419cb18069e696edaa170ba87,29,65,True
bfe6b1f2-5412-46a0-9e71-f2f95cf13926,Выручить,d7b7f11ee70264bf8fd0d5dc7815d6ad,31,76,True
9d2946ad-ca6e-4ecb-af79-c70aee481d39,Рубль,d7b7f11ee70264bf8fd0d5dc7815d6ad,31,76,True
8d42e25f-2350-44a2-bb89-744d6ffb6c63,Соль,d7b7f11ee70264bf8fd0d5dc7815d6ad,20,77,True
72df5371-2afc-4c5f-a451-3d4e63634b97,Соль,0df9d6e419cb18069e696edaa170ba87,32,94,True
7e5579fc-20d6-4e59-9599-10b19384ed0f,Смех,0df9d6e419cb18069e696edaa170ba87,30,77,True
2da74f48-8286-4fbf-a138-3a580e2778f3,Забрать,95af8e702c909eee7145c6dc1a3d756b,12,48,True
a02bc681-cef9-4333-9f8c-26b696a0e00d,Смех,3bb869551201cb9e68e52bec47d6894a,5,36,True
0a78c0cd-d549-46b7-b02c-680238bcd058,Память,95af8e702c909eee7145c6dc1a3d756b,2,53,True
4fdbe537-55e2-4338-8070-cf136913688d,Подробно,df8cbc6337c9d0928d4442d705e98d27,0,40,True
54204d97-ed96-416d-81a3-f73652eb0dd7,Рубль,529c291e8d4fbf9e7e85287a3242ca93,25,85,True
84452509-5d90-403b-981d-9540ab48d1ef,Лицо,95af8e702c909eee7145c6dc1a3d756b,13,84,True
026b2c6e-f88d-4c68-b495-1968c46f9f66,Футбол,95af8e702c909eee7145c6dc1a3d756b,0,44,True
e1a9fe78-480a-4157-964f-3083ec79939e,Выручить,529c291e8d4fbf9e7e85287a3242ca93,23,71,True
33cb47a3-88fe-44d5-a3e7-cc3f68bb8585,Корона,0df9d6e419cb18069e696edaa170ba87,30,84,True
cd1d34a9-201f-4015-96a3-bc2efef9e9d7,Соль,95af8e702c909eee7145c6dc1a3d756b,23,95,True
a3b3cde8-59a0-4981-bf31-bc1286022db0,Подробно,0df9d6e419cb18069e696edaa170ba87,38,81,True
f444158f-ca3e-4165-8695-eb774a681b42,Чашка,95af8e702c909eee7145c6dc1a3d756b,3,57,True
9b277946-b4d5-4704-913f-7d706b041c03,Даже,95af8e702c909eee7145c6dc1a3d756b,0,42,True
d252e11c-57b7-45b5-8dde-5f79c4b0c89a,Смех,95af8e702c909eee7145c6dc1a3d756b,0,54,True
40857b29-119b-4a28-86c0-e32d0f007eb3,Даже,d4b56cd94433bc6d7a16a27411ac1a3c,17,80,True
0d407ca2-eb74-4869-8d1e-c642bd247d44,Соль,d4b56cd94433bc6d7a16a27411ac1a3c,37,106,True
27ced0cf-2cc3-4958-b7d6-01cab901d63d,Выручить,95af8e702c909eee7145c6dc1a3d756b,12,65,True
eda0ee0e-45cd-4604-b4fd-a999fab3e91e,Корона,95af8e702c909eee7145c6dc1a3d756b,10,87,True
25b61443-3c33-47b9-80d6-1a26e352ae06,Рубль,95af8e702c909eee7145c6dc1a3d756b,0,57,True
27560a7e-93ce-4bb1-9c52-02c37e5617ce,Плохо,95af8e702c909eee7145c6dc1a3d756b,6,48,True
ec2bbc48-1778-45f5-8b32-87d4e3207397,Выручить,d4b56cd94433bc6d7a16a27411ac1a3c,36,99,True
625e5fb8-26bc-4173-85c1-56c05e58a476,Подробно,95af8e702c909eee7145c6dc1a3d756b,5,66,True
7da307e2-e59b-4dbd-ab98-98ee0195fea8,Смех,d4b56cd94433bc6d7a16a27411ac1a3c,31,78,True
a5c56e38-5d9c-4ea0-89d5-fadf8ab0831d,Корона,d4b56cd94433bc6d7a16a27411ac1a3c,33,89,True
80a1b3ef-aca5-430f-bf0c-782158844514,Футбол,20f1589682a8e64769ae2ebc21b5fb6b,15,91,True
b4180a19-875b-4460-ab13-c652bb8e93e3,Соль,20f1589682a8e64769ae2ebc21b5fb6b,19,98,True
84ed9748-d985-41cb-8f90-902b9d68cd28,Выручить,20f1589682a8e64769ae2ebc21b5fb6b,24,75,True
14bbd332-2df4-472c-b300-fb630553875a,Подробно,20f1589682a8e64769ae2ebc21b5fb6b,13,83,True
1820566a-ba14-4305-86b6-4ac0c6447270,Даже,3018b64d2c938f5b6a0826dfdf486f2c,17,61,True
ad43daba-efbf-4c52-a089-77da37a8ba9e,Футбол,0f7aee11724db9ef1f9df422f7443e28,25,74,True
fa237839-6e7a-4d96-a1a9-f5f1c5f4a223,Лицо,0f7aee11724db9ef1f9df422f7443e28,23,95,True
4ee402e2-b5e5-4a44-8e79-87fc0d18397d,Смех,0f7aee11724db9ef1f9df422f7443e28,31,69,True
0709595c-81c0-41b9-9167-a1d8e15c638e,Чашка,0f7aee11724db9ef1f9df422f7443e28,21,66,True
94dc1483-e53e-4b0c-ba45-f38cc8db0b98,Рубль,0f7aee11724db9ef1f9df422f7443e28,0,47,True
7ae883e4-939c-4a7c-b583-ecb6eae6694e,Лицо,bd4e2755d88d8d835a07df3c78cdfc3c,24,79,True
a610fa89-c918-49bb-ad2f-d5a60a8ea3be,Рубль,a356848cf0a72f961b81ebb6716f6131,9,51,True
ddf49d7d-3e66-4cf6-a301-c84cb2be0f65,Соль,64df6876c23bf021dbfbccbc64f7406a,19,70,True
e7016b1c-1f7b-414d-9590-02625f1bb724,Рубль,64df6876c23bf021dbfbccbc64f7406a,18,54,True
3f792511-6cb1-4fcd-9c08-66d636f5d85f,Плохо,b21a99b09b181899c1becad72811179e,31,80,True
3f10ef97-c378-4331-875a-9283ff569610,Чашка,76aa633fcb2bec4e6b0852635a8af57c,11,68,True
358e3990-f85a-4f53-817c-573653fe032c,Рубль,76aa633fcb2bec4e6b0852635a8af57c,11,69,True
fa26f543-3728-4ba5-9d57-b19f143934c5,Корона,76aa633fcb2bec4e6b0852635a8af57c,18,73,True
2dfb2999-5be5-4538-ba4b-b8844dd54a92,Выручить,76aa633fcb2bec4e6b0852635a8af57c,13,84,True
c2304594-a1fa-4e0b-a84d-4a2fe3f403c5,Память,ca6b767f0cccf093ba737ae2fc4fec3d,9,49,True
ed911ee2-4f30-43a5-afa6-057a395daf61,Память,570c2405d58fe08bce66f55c42bc36b0,26,70,True
f576f2a6-15be-4015-bb7f-95a508563a1a,Память,1b9c7051cdfd857ffd36902fe78c8231,7,47,True
e4e6773e-4ac3-46db-be53-401520999cf1,Корона,1b9c7051cdfd857ffd36902fe78c8231,6,45,True
59ccc2fc-3948-4beb-9bea-52e8fea71617,Забрать,5558fd8101a2946270906cea0a1a6109,24,83,True
d79db2f1-d189-466f-8289-2279610c2f14,Плохо,5558fd8101a2946270906cea0a1a6109,28,80,True
5be7130a-9076-4ed0-8e92-6045a394f0b4,Даже,5558fd8101a2946270906cea0a1a6109,7,62,True
8b39dda1-b863-438a-b85c-659b9345d1d6,Память,9a0784a99ea13a8b06cb103c2c8c7f0f,10,44,True
256f67e9-c1b3-43b0-a433-7c8f37879bd2,Чашка,5558fd8101a2946270906cea0a1a6109,14,78,True
2ae70ce3-50ac-464e-9fd5-504c13e766af,Смех,5558fd8101a2946270906cea0a1a6109,25,74,True
28ea06de-0856-4cd1-8e4f-4da815a9d47c,Чашка,b4e852a75cacf8642412dfc05e2126a3,18,61,True
94c66a58-de8b-45c1-88f0-4ba9be8bbbac,Соль,b4e852a75cacf8642412dfc05e2126a3,5,62,True
05a48e13-13ea-4eec-98e0-848ca078cf12,Чашка,bd4e2755d88d8d835a07df3c78cdfc3c,30,87,True
d34d39c4-5557-4a19-b39a-ce1c7292b764,Забрать,bd4e2755d88d8d835a07df3c78cdfc3c,25,65,True
6f193021-209a-4527-9fa6-98e7fc85d892,Соль,bd4e2755d88d8d835a07df3c78cdfc3c,16,83,True
66fa99bc-9d76-4d19-adfc-5047d88e005e,Рубль,bd4e2755d88d8d835a07df3c78cdfc3c,28,95,True
59e7f106-3e24-4c23-a17f-ead2a546eeb6,Подробно,bd4e2755d88d8d835a07df3c78cdfc3c,33,77,True
03c96dac-b5f4-4359-b87a-3202646e2000,Лицо,38655613ab774f4181175c682c89a8a9,16,80,True
6798dd34-1adc-41b5-aa34-df8090662019,Чашка,38655613ab774f4181175c682c89a8a9,11,67,True
724b5976-33c0-4eb4-95d8-ff105649d3fe,Корона,38655613ab774f4181175c682c89a8a9,9,65,True
a9ea6b56-789f-49f6-9e38-bf8882dc49ea,Смех,6520ea9b92b24339fb538be29b315e0b,15,62,True
907accaf-9972-4fab-83cb-16f07f3ab040,Футбол,6520ea9b92b24339fb538be29b315e0b,29,91,True
2862939a-ea17-4a18-99f9-e6445ac3583e,Лицо,570c2405d58fe08bce66f55c42bc36b0,20,75,True
d949b6a0-2152-4df7-967e-458eb20357ef,Чашка,570c2405d58fe08bce66f55c42bc36b0,22,83,True
1363edd1-1084-42d2-9407-3c558c2d2df7,Забрать,6520ea9b92b24339fb538be29b315e0b,18,78,True
27045e60-9cd3-4c10-9522-f9101c2df761,Рубль,6520ea9b92b24339fb538be29b315e0b,9,64,True
412f8c50-2359-4c7e-a4d7-1ea4a82541d8,Лицо,ae7548712ebba39f87c993e4eb8c98f4,11,67,True
3ee286f7-4cf6-4b53-94ba-5578b2fd7335,Футбол,ae7548712ebba39f87c993e4eb8c98f4,9,56,True
344feaeb-e250-412a-87f6-bb8e12ec8283,Подробно,ae7548712ebba39f87c993e4eb8c98f4,11,59,True
2b6d6016-796e-4673-8579-e48d1094cb89,Выручить,ae7548712ebba39f87c993e4eb8c98f4,15,70,True
c96f3590-9c52-45d2-9083-2940fea86819,Соль,b6bc47e76a066769495f3a22455713b5,15,56,True
70e1b667-6d01-4b59-a036-b518802a020d,Футбол,b6bc47e76a066769495f3a22455713b5,19,66,True
ff6c8e6d-add0-41e4-97c5-99f715cb3c41,Чашка,b6bc47e76a066769495f3a22455713b5,13,57,True
ac3009c4-44b9-4135-a8e2-44bbffdf9417,Забрать,4d26ad833542291c50de9ce88fb4f64a,12,54,True
4a4e6f97-1fac-43c1-97a0-f4ac243f2169,Подробно,b6bc47e76a066769495f3a22455713b5,18,62,True
2d0cf330-99c9-437a-b747-b4c7b939b801,Подробно,9a0784a99ea13a8b06cb103c2c8c7f0f,18,58,True
eb8481b4-c36f-44b1-bb5a-a8e297803536,Футбол,9a0784a99ea13a8b06cb103c2c8c7f0f,26,75,True
44a25bb9-5a4e-4aae-81e5-8cf6e6d69892,Выручить,9a0784a99ea13a8b06cb103c2c8c7f0f,17,57,True
2cfe0c35-eab6-4bbe-a6a0-7e9ac3ba2b1e,Выручить,e4bd328bca8e6f51bd6f4f019692b666,11,52,True
32a79a57-db2e-48d2-a698-c15778dcc036,Крест,52003757d6b63a3ee7a71f36f5a9a17b,5,81,True
da1c5091-eb99-4c2f-bca7-b710cb5ed5ba,Цемент,52003757d6b63a3ee7a71f36f5a9a17b,51,89,True
58d7ebdc-d061-49a9-9c5b-0d2a94114fd2,Выигрыш,95af8e702c909eee7145c6dc1a3d756b,23,73,True
5bdbdbb6-f3ca-4bfe-843b-47d43ad202d6,Золото,52003757d6b63a3ee7a71f36f5a9a17b,15,56,True
7284388a-2631-4750-8669-a49956267415,Крест,95af8e702c909eee7145c6dc1a3d756b,33,114,True
9ce0bf6c-a387-4021-8fe1-25826b170b1d,Жарить,95af8e702c909eee7145c6dc1a3d756b,26,106,True
7f841936-ebe0-48a2-b519-cc0874d61ced,Пылесос,95af8e702c909eee7145c6dc1a3d756b,19,114,True
b440be61-189d-4f02-bd48-39854c98a5b4,Цемент,95af8e702c909eee7145c6dc1a3d756b,7,76,True
e10f1f43-9bfd-4a87-b041-d2b00682e124,Почки,95af8e702c909eee7145c6dc1a3d756b,19,87,True
8d1a14fd-d7db-4483-94c2-9e171db4f264,Свисток,b4e852a75cacf8642412dfc05e2126a3,4,54,True
7581bcce-a5e6-4311-86f4-982be00d373f,Свисток,95af8e702c909eee7145c6dc1a3d756b,21,69,True
7b1761c4-e8e3-4476-9711-52466d79ef11,Золото,95af8e702c909eee7145c6dc1a3d756b,14,91,True
4bf78837-7399-4b87-b167-981343070ca8,Чужой,95af8e702c909eee7145c6dc1a3d756b,16,61,True
72a53f6d-153f-454c-8b7a-08eaa9cbf3cb,Религия,d7b7f11ee70264bf8fd0d5dc7815d6ad,8,63,True
15dc65d2-6452-41f4-82d4-78aac0a6798d,Сразу,95af8e702c909eee7145c6dc1a3d756b,20,83,True
e42d4d4e-e581-4ff2-a229-6f4a572601b9,Обладать,95af8e702c909eee7145c6dc1a3d756b,14,74,True
73fee0af-7f96-49fd-9e1e-7455f1d56e54,Борода,95af8e702c909eee7145c6dc1a3d756b,5,90,True
1836a6f5-77f0-4b23-a6fa-0de30e49beb4,Религия,95af8e702c909eee7145c6dc1a3d756b,5,95,True
8eb3ac40-f429-4e71-96ab-b48332850a8f,Витамин,95af8e702c909eee7145c6dc1a3d756b,5,78,True
9ef939a2-a32d-4076-97e0-30ec948e9ed0,Раб,95af8e702c909eee7145c6dc1a3d756b,10,61,True
6c048c77-6e10-4c44-b4d0-77c124e14fe8,Чужой,3018b64d2c938f5b6a0826dfdf486f2c,18,66,True
10798cd3-dd82-4f5c-8785-87d4f4d5a322,Выигрыш,3018b64d2c938f5b6a0826dfdf486f2c,24,75,True
7b2bdc23-d1b8-4311-ac6a-9b47bbb2ec9f,Пылесос,185bd3a81d9d618518d10abebf0d17a8,13,103,True
76b02577-876a-4bc9-be39-8139751ac61f,Цемент,185bd3a81d9d618518d10abebf0d17a8,14,87,True
3be38c80-eae0-434e-bcbf-ccdb84ca8b8a,Чужой,185bd3a81d9d618518d10abebf0d17a8,11,58,True
38c0cc29-be49-4575-a413-d6fe69f2f8a8,Крест,185bd3a81d9d618518d10abebf0d17a8,16,97,True
55f0f7ee-5cf2-4f3d-826e-a093ab20941d,Выигрыш,185bd3a81d9d618518d10abebf0d17a8,14,52,True
69c9fdfb-dc8b-4b66-ae88-cd5d92740f98,Свисток,185bd3a81d9d618518d10abebf0d17a8,11,67,True
e2e6a282-ed83-4080-839b-1534e79fa68a,Раб,185bd3a81d9d618518d10abebf0d17a8,9,68,True
ed5e1e6d-7f1c-4a07-9a8e-48b2b6c2d134,Почки,185bd3a81d9d618518d10abebf0d17a8,20,86,True
5fc533cc-e480-46f0-9787-4629e891f026,Золото,185bd3a81d9d618518d10abebf0d17a8,10,76,True
04b13bd9-329f-4961-bca8-7c1c373f0cdc,Жарить,185bd3a81d9d618518d10abebf0d17a8,11,77,True
7285c607-5b23-47ee-8ef4-a029a8418326,Сразу,185bd3a81d9d618518d10abebf0d17a8,14,74,True
c2f406ae-4db1-4d17-abe4-242b500454a9,Обладать,185bd3a81d9d618518d10abebf0d17a8,13,81,True
e5ae46af-eadc-42d7-88dc-fcb1b43474e9,Витамин,185bd3a81d9d618518d10abebf0d17a8,14,71,True
ef82e9aa-17ac-4f17-a5cb-249da57232e1,Борода,185bd3a81d9d618518d10abebf0d17a8,13,101,True
c97e1146-ca21-4863-84ad-3c5c38c7ddd2,Религия,185bd3a81d9d618518d10abebf0d17a8,9,79,True
e23c096a-7a45-4d5f-9d7d-f7b52734189b,Сразу,a54b7e3644ea504efb6f3ad4d7d7b938,20,71,True
cedc3a25-9c55-4439-a64d-1ca28b26f6f3,Сразу,9a0784a99ea13a8b06cb103c2c8c7f0f,4,40,True
a99cf94d-2e72-436a-a101-056879ab662b,Пылесос,8d28a14d365c6e81ece56134d2390b5d,0,66,True
69d8c833-8844-4fc1-a313-4adcc7276a7f,Жарить,8d28a14d365c6e81ece56134d2390b5d,14,72,True
9f47b1f2-4cfe-40bf-8e82-2cfaf97064b8,Обладать,8d28a14d365c6e81ece56134d2390b5d,14,60,True
2b64a89f-492b-4dac-a192-4ecc312b9871,Жарить,570c2405d58fe08bce66f55c42bc36b0,13,94,True
d37b2df6-6c60-486d-a1e2-341902a76966,Обладать,570c2405d58fe08bce66f55c42bc36b0,20,91,True
c6baf698-2c31-4a8d-9ef7-d5ad9e632fd0,Сразу,570c2405d58fe08bce66f55c42bc36b0,16,88,True
9dc9d0b2-7bb4-4ec6-94e8-9f4d5a85d1f3,Пылесос,33b317c5a26046cafcd795a2fe4e919e,32,104,True
5851d714-f415-4c7b-aa4c-bc9021150290,Обладать,33b317c5a26046cafcd795a2fe4e919e,34,82,True
ed6899b3-12cd-4e27-81c5-f9d6b15b7dae,Раб,33b317c5a26046cafcd795a2fe4e919e,21,82,True
57f8b5dd-8a8c-4fbd-9a15-fd81cacad635,Раб,9a0784a99ea13a8b06cb103c2c8c7f0f,23,78,True
47104d68-7ce7-42f0-a2dc-2b3f3b6c0f8b,Обладать,9a0784a99ea13a8b06cb103c2c8c7f0f,22,74,True
f99f5d49-ca56-4741-b9bb-1c3e0a97373a,Почки,33b317c5a26046cafcd795a2fe4e919e,39,78,True
d30653cb-d970-4b67-b0da-d1af0398508e,Борода,33b317c5a26046cafcd795a2fe4e919e,24,108,True
df4158b1-ae3a-4a07-ba8e-f7ec8fd378c5,Жарить,fc6e5caa3dc328e7558b072e6607e399,13,80,True
640c1c49-c344-4c1e-ac81-7b6078e32c39,Свисток,fc6e5caa3dc328e7558b072e6607e399,7,47,True
e3744e4f-0b80-474e-8590-25bbf480f8a3,Чужой,fc6e5caa3dc328e7558b072e6607e399,11,51,True
48674fd0-8999-4a1f-9458-8052aacb2a74,Выигрыш,fc6e5caa3dc328e7558b072e6607e399,8,44,True
1479c601-a433-46e6-aa38-06704857ac2b,Раб,fc6e5caa3dc328e7558b072e6607e399,12,61,True
e66ab3ec-112d-4a43-8644-af04198f372a,Обладать,fc6e5caa3dc328e7558b072e6607e399,13,51,True
5cff1f5e-5333-47ac-abfe-8390ea3c23ad,Сразу,fc6e5caa3dc328e7558b072e6607e399,11,68,True
f97cb888-c233-4971-842b-24f928aa4a4f,Почки,fc6e5caa3dc328e7558b072e6607e399,11,76,True
ede94106-22dd-4279-a523-7f0485607a7d,Выигрыш,842836bcfc1ab4f9677f0d2d071c6f9b,9,50,True
237b94cf-6caf-4e57-bb23-6654f2c4ed82,Раб,842836bcfc1ab4f9677f0d2d071c6f9b,6,78,True
2037a183-4deb-4e20-a1ac-b88398eab612,Свисток,842836bcfc1ab4f9677f0d2d071c6f9b,12,47,True
34ca4df6-4db0-473d-8003-5d61417bb835,Сразу,842836bcfc1ab4f9677f0d2d071c6f9b,17,87,True
37c93922-0500-442d-a1c4-152514f822bc,Жарить,842836bcfc1ab4f9677f0d2d071c6f9b,14,69,True
1ae1e149-7ece-4df9-bc95-43a66b255f41,Почки,20f1589682a8e64769ae2ebc21b5fb6b,40,129,True
0fa88831-75e6-4761-9f0d-938b988bc13f,Раб,20f1589682a8e64769ae2ebc21b5fb6b,21,83,True
bdb3f216-3ecf-4324-8e6a-33d02c329708,Жарить,20f1589682a8e64769ae2ebc21b5fb6b,13,86,True
00223d12-d54f-4b1e-9dae-8b35e6c90c3f,Борода,20f1589682a8e64769ae2ebc21b5fb6b,32,102,True
02a00d55-4328-4195-9c1d-5f71e9b33381,Раб,40ad51b49892dca94b905eca8926568a,38,107,True
948adb33-d00a-42d6-be90-c9f1944b8c03,Витамин,40ad51b49892dca94b905eca8926568a,11,52,True
651e2b71-d37e-4a19-9e4b-9a156ec6273f,Религия,40ad51b49892dca94b905eca8926568a,54,136,True
ab52527e-aca0-46e2-9ca2-76c3a53222ce,Крест,2d84da20c251acaeb3186642fcb04f2e,9,58,True
cd3c7167-bbc8-4234-923d-0d052b74ec03,Пылесос,0df9d6e419cb18069e696edaa170ba87,23,123,True
104b9647-3916-4b4c-88cf-c747eee54f7b,Раб,0df9d6e419cb18069e696edaa170ba87,26,94,True
531b7ec7-db10-41cd-9bbb-e737eee17374,Обладать,0df9d6e419cb18069e696edaa170ba87,50,120,True
11d96354-0b85-42f3-8cd5-39941d7a51d2,Жарить,0df9d6e419cb18069e696edaa170ba87,39,108,True
2de061aa-0b96-4b4e-bdbf-6029edce2507,Жарить,db573f94204e56e0cf3fc2ea000e5bdc,15,71,True
fe94ae89-153d-4352-b540-67d654d55fe1,Пылесос,db573f94204e56e0cf3fc2ea000e5bdc,11,95,True
fa79d839-1428-4638-960e-ea56644e374e,Сразу,0df9d6e419cb18069e696edaa170ba87,30,105,True
6779c982-6109-4f60-bbbf-253f2112abd2,Чужой,db573f94204e56e0cf3fc2ea000e5bdc,20,66,True
36e0c981-098b-4128-a341-caa2a0d70fdd,Крест,db573f94204e56e0cf3fc2ea000e5bdc,22,98,True
5f00fd11-e19e-4faf-9cce-3a7086036cb2,Выигрыш,db573f94204e56e0cf3fc2ea000e5bdc,30,83,True
cb477c9d-bd63-49ef-a271-fa4f05bdf036,Цемент,db573f94204e56e0cf3fc2ea000e5bdc,29,74,True
0b1d722d-670f-4819-bbbf-b9d4c9a430e8,Обладать,db573f94204e56e0cf3fc2ea000e5bdc,21,81,True
1f1c43b7-ce03-44e5-87cc-ee225dee7cbe,Золото,db573f94204e56e0cf3fc2ea000e5bdc,29,75,True
f4e2807b-5957-442e-a119-5a4bed793236,Сразу,db573f94204e56e0cf3fc2ea000e5bdc,30,74,True
e816bdb9-9f76-4f0f-881e-39d9e7f43ad2,Почки,db573f94204e56e0cf3fc2ea000e5bdc,32,95,True
030023f8-ef88-48cc-9466-b41c95e9b3f7,Борода,db573f94204e56e0cf3fc2ea000e5bdc,20,110,True
433c9063-d80a-4676-92e6-f15e98d466a7,Почки,0df9d6e419cb18069e696edaa170ba87,18,79,True
492c9008-71ff-43e5-b366-45e961ec094f,Религия,db573f94204e56e0cf3fc2ea000e5bdc,23,89,True
20a06c79-d84b-46aa-8134-cc669f9ea569,Свисток,db573f94204e56e0cf3fc2ea000e5bdc,22,77,True
a8162769-8c5c-47bf-98e1-7f30fed022e9,Витамин,db573f94204e56e0cf3fc2ea000e5bdc,19,70,True
fdcb829c-dd93-4322-bbd3-8d9b86c8ffa3,Раб,db573f94204e56e0cf3fc2ea000e5bdc,29,86,True
04f20caf-f663-4398-870f-061cf8192bf0,Крест,48bc83c415e12683f469d16027829654,23,105,True
21157f8f-465c-4f1f-b1ae-e5c62ca65afb,Чужой,48bc83c415e12683f469d16027829654,14,78,True
ca38bb86-4f0a-4fe8-bef5-d7878e263b1d,Раб,48bc83c415e12683f469d16027829654,19,71,True
eb604435-8560-4e91-a6d5-d52a63309c0f,Жарить,48bc83c415e12683f469d16027829654,16,84,True
47789bad-4315-4be5-93c2-5ccb3ac0de22,Борода,48bc83c415e12683f469d16027829654,18,136,True
dd499cc1-07f2-4a4a-93d0-2cbb1901bab2,Выигрыш,46dd04a1caa75ed3082b573cb5a3ad26,13,50,True
454f9578-c6d6-42b0-a3ec-39c5eb726492,Свисток,46dd04a1caa75ed3082b573cb5a3ad26,7,55,True
c761a641-e3ee-42e2-a149-7cbf3aef022a,Пылесос,46dd04a1caa75ed3082b573cb5a3ad26,0,47,True
6447e9d4-13d9-463f-b242-220b14d06ece,Чужой,46dd04a1caa75ed3082b573cb5a3ad26,11,44,True
d2ad0e73-82c6-41cc-bc2d-cddb938f2e64,Жарить,46dd04a1caa75ed3082b573cb5a3ad26,7,63,True
50af09a8-d152-429f-b707-56b0a8662f75,Цемент,46dd04a1caa75ed3082b573cb5a3ad26,17,58,True
99d1e23f-ea76-43f0-a0ed-f4438be487f4,Обладать,46dd04a1caa75ed3082b573cb5a3ad26,0,35,True
a1b4d8fd-5169-4305-aabc-59b1c5c74d83,Почки,46dd04a1caa75ed3082b573cb5a3ad26,9,64,True
0d93a6e1-1cf7-4434-b69c-a8a49c2e31ab,Сразу,46dd04a1caa75ed3082b573cb5a3ad26,8,55,True
a9c21a09-2a7a-4a32-a680-70161bf698a6,Золото,46dd04a1caa75ed3082b573cb5a3ad26,8,41,True
ae29569f-7028-45cd-b311-d2adf3fd6d6d,Витамин,46dd04a1caa75ed3082b573cb5a3ad26,1,52,True
2e517472-6f5d-4463-916f-899f3b9bba04,Религия,46dd04a1caa75ed3082b573cb5a3ad26,12,46,True
54937800-696b-48ff-ac51-45b553724e97,Раб,46dd04a1caa75ed3082b573cb5a3ad26,9,56,True
e359c17b-a095-4dae-95e1-52740e148f13,Крест,46dd04a1caa75ed3082b573cb5a3ad26,9,58,True
ad4e34ee-7d01-49a1-a36e-f0e0ec74c670,Борода,46dd04a1caa75ed3082b573cb5a3ad26,5,90,True
69423c8f-7a03-4a9b-b016-da9b23f98533,Цемент,6fefb7617d77222efd121f4a2d6a79d6,7,64,True
837c87b6-0115-4691-8137-8a5b2be3b7e0,Крест,6fefb7617d77222efd121f4a2d6a79d6,38,112,True
bc160b0c-0844-4620-8f1c-29881a6ec5aa,Пылесос,6fefb7617d77222efd121f4a2d6a79d6,22,118,True
0e19dd00-8e3c-470b-a50e-8c5c4092d845,Сразу,6fefb7617d77222efd121f4a2d6a79d6,18,106,True
8531228d-23b8-410b-927d-3351b2cb56e2,Чужой,6fefb7617d77222efd121f4a2d6a79d6,26,77,True
a628ffc7-386e-472b-aa18-a358be09096a,Религия,6fefb7617d77222efd121f4a2d6a79d6,21,92,True
983eb18c-0395-40b4-91d7-80917f002a79,Крест,ab460ff83e8c5b13a705a9e2081023c2,8,69,True
2f310c15-ea1d-4ebd-918f-ec218678e941,Чужой,ab460ff83e8c5b13a705a9e2081023c2,3,63,True
f4c2a02a-d066-443a-a8f5-97da33c560d3,Почки,ab460ff83e8c5b13a705a9e2081023c2,14,75,True
0c3acacc-787d-447a-94f9-313fd68ea230,Цемент,ab460ff83e8c5b13a705a9e2081023c2,3,61,True
df92f46d-5aa1-4087-8788-cb2267036faa,Пылесос,ab460ff83e8c5b13a705a9e2081023c2,5,78,True
9cb09f52-5b44-4706-a4e1-37f299f381f2,Религия,ab460ff83e8c5b13a705a9e2081023c2,4,66,True
429ac451-beab-425a-887e-738da48cd7ef,Витамин,ab460ff83e8c5b13a705a9e2081023c2,9,60,True
92655e3e-d69b-4a25-b8e0-8fab0a8c2390,Пылесос,3cf00ecfe200a3990d42c6464286d6fb,53,142,True
505d202d-a1ac-4115-8014-cccb7699832b,Цемент,3cf00ecfe200a3990d42c6464286d6fb,23,84,True
b14df982-ad77-4a7c-b6b0-ce9909e058f7,Выигрыш,3cf00ecfe200a3990d42c6464286d6fb,54,132,True
0d913817-efe8-495d-b8a4-7e2f49488308,Крест,fb1007e5ffe149cc08bccaf8eda2ce31,21,93,True
64db4e7c-0952-4a01-b6e2-1c96af3cc32f,Свисток,3cf00ecfe200a3990d42c6464286d6fb,17,70,True
9c69ec94-2915-4adb-8da7-169f67ae816d,Жарить,fb1007e5ffe149cc08bccaf8eda2ce31,17,98,True
66a4bd53-67d4-44e0-b55d-793daf16bfe4,Пылесос,81c0cdc37caa67e7ddf8e06c0a4443c8,20,100,True
c6daa5f5-0a02-4d7f-a20a-4afa8d0a6cc4,Религия,3cf00ecfe200a3990d42c6464286d6fb,24,106,True
0d4c331f-9612-472b-93f7-5c93c875c5a6,Цемент,fb1007e5ffe149cc08bccaf8eda2ce31,27,73,True
974eeb4b-9581-4007-8efa-c259eaff092a,Чужой,fb1007e5ffe149cc08bccaf8eda2ce31,20,73,True
9e7ef168-7374-4497-8a1c-881a2f08e9a4,Свисток,fb1007e5ffe149cc08bccaf8eda2ce31,9,54,True
f40f69ba-7b3e-4624-9b41-f10abd756920,Выигрыш,81c0cdc37caa67e7ddf8e06c0a4443c8,23,94,True
8b8de1db-b1d0-4ea6-9acf-84f0a546a64b,Жарить,81c0cdc37caa67e7ddf8e06c0a4443c8,21,105,True
f55e8d4c-ae70-482e-a568-cbc282855233,Обладать,fb1007e5ffe149cc08bccaf8eda2ce31,24,75,True
89d94612-1ccc-468d-b723-3ca3536b66d8,Пылесос,fb1007e5ffe149cc08bccaf8eda2ce31,23,109,True
ee3f93ef-6f3f-4eb3-add2-43c2064f132b,Раб,81c0cdc37caa67e7ddf8e06c0a4443c8,17,78,True
81274eec-d3e5-4916-bb08-2d31eb9930cf,Почки,fb1007e5ffe149cc08bccaf8eda2ce31,31,110,True
98f968be-9c32-4961-90cc-7fa5357ebc16,Витамин,fb1007e5ffe149cc08bccaf8eda2ce31,35,87,True
f446509a-60e3-48da-a4d0-ff77b731709f,Почки,76aa633fcb2bec4e6b0852635a8af57c,15,72,True
bdcfe7a4-73a7-4652-98e6-7c2af5038f8d,Раб,76aa633fcb2bec4e6b0852635a8af57c,13,76,True
3afd5f0c-5ada-4b62-9348-db0cba64d42b,Золото,76aa633fcb2bec4e6b0852635a8af57c,12,79,True
2b0c6251-e85f-472a-9035-4d27bb77c780,Золото,81c0cdc37caa67e7ddf8e06c0a4443c8,36,90,True
25fe82c1-d11e-4024-b0ec-973fec5d9eb3,Чужой,a95892dae1d320bd8b08cbca6a127cd8,14,52,True
9a1b439a-ee6e-4540-92da-4cee50b6fbcc,Борода,76aa633fcb2bec4e6b0852635a8af57c,16,92,True
cdf30b6e-a019-450a-954d-8b7850020736,Цемент,76aa633fcb2bec4e6b0852635a8af57c,10,69,True
b0d5dc7d-59ca-4669-99fc-d682870c6601,Чужой,76aa633fcb2bec4e6b0852635a8af57c,19,59,True
057bb1bd-7a58-49d8-b618-dd4d4b2df9fd,Витамин,76aa633fcb2bec4e6b0852635a8af57c,7,64,True
e65f2e9d-6e3e-4f7c-9904-bd62db6c9674,Крест,a95892dae1d320bd8b08cbca6a127cd8,13,80,True
320a1e90-0b55-416a-94b1-91f4e2db71a3,Религия,76aa633fcb2bec4e6b0852635a8af57c,11,87,True
0454a2ec-213b-4b69-959f-166526c3bba4,Сразу,a95892dae1d320bd8b08cbca6a127cd8,18,58,True
dd327e35-b994-48cd-851b-e53b41b31c51,Жарить,b07a773bcb10b4f14f33d2b0e8ec58ba,14,89,True
74de3545-346a-40b6-9e84-c6f9f44e7f9e,Выигрыш,b07a773bcb10b4f14f33d2b0e8ec58ba,16,67,True
9b36c3a0-6426-47f3-8ae5-83ba17e91586,Чужой,b07a773bcb10b4f14f33d2b0e8ec58ba,28,79,True
3abf1039-3983-4cc7-800c-15b230989357,Свисток,b07a773bcb10b4f14f33d2b0e8ec58ba,15,85,True
c22cf8e9-0375-4003-9d0f-4d25795de14c,Крест,b07a773bcb10b4f14f33d2b0e8ec58ba,37,110,True
08f2b364-ad5e-42d0-9e6c-a51c212b18f2,Обладать,b07a773bcb10b4f14f33d2b0e8ec58ba,24,71,True
033c3c03-973e-461e-8a70-9daeabbd698c,Почки,b07a773bcb10b4f14f33d2b0e8ec58ba,16,81,True
02c43a16-5134-463d-9f50-1c9c7e8fb9a8,Цемент,b07a773bcb10b4f14f33d2b0e8ec58ba,19,82,True
47e320a3-7919-4d52-8cb2-7310d3cbea58,Сразу,b07a773bcb10b4f14f33d2b0e8ec58ba,35,98,True
b3ba66b6-9fda-4e9f-a1b3-2d32122cd025,Золото,b07a773bcb10b4f14f33d2b0e8ec58ba,49,114,True
aa2e9e76-18dc-45aa-be31-30b05a91d421,Витамин,b07a773bcb10b4f14f33d2b0e8ec58ba,33,79,True
ff720fe5-08ed-4f55-9c9b-0947dfd661aa,Религия,b07a773bcb10b4f14f33d2b0e8ec58ba,15,96,True
9fbaa035-a41e-409f-803f-8fb491f59f94,Раб,b07a773bcb10b4f14f33d2b0e8ec58ba,20,71,True
afc2be13-7705-4e1c-90a3-45c3dccc6475,Борода,81c0cdc37caa67e7ddf8e06c0a4443c8,8,98,True
3624d30d-be39-466a-bb33-34e7eb96610d,Пылесос,550eef19de9ddf7dc4b37617d98589cc,21,100,True
e8ae6dd4-a376-4b50-a194-48f9c27c48e7,Чужой,550eef19de9ddf7dc4b37617d98589cc,19,80,True
dbdb36c7-cdcd-4000-b445-cf385ac97cfa,Витамин,81c0cdc37caa67e7ddf8e06c0a4443c8,27,97,True
59a84dea-5677-4aff-a8c2-58616c869080,Борода,b07a773bcb10b4f14f33d2b0e8ec58ba,32,131,True
d743167e-1e77-47a6-ac84-137ca452f15d,Почки,550eef19de9ddf7dc4b37617d98589cc,24,99,True
c1694528-81ec-41be-aa8d-da493a3a1dfc,Религия,81c0cdc37caa67e7ddf8e06c0a4443c8,28,102,True
1618d226-3b61-4120-834d-92a6a5c0a75f,Цемент,550eef19de9ddf7dc4b37617d98589cc,17,69,True
f24e867d-75e2-4b1e-bf46-5476725d879b,Сразу,550eef19de9ddf7dc4b37617d98589cc,18,75,True
8f68ad1c-3513-4a0a-98af-f1b8d4e5cbf4,Золото,550eef19de9ddf7dc4b37617d98589cc,19,68,True
50878b39-f6a7-49d9-912d-3cfff5fd9a12,Свисток,550eef19de9ddf7dc4b37617d98589cc,22,95,True
09e98838-3112-46bc-909c-126a031cd2cd,Витамин,550eef19de9ddf7dc4b37617d98589cc,23,79,True
803dc073-6d1e-4828-b8ed-0727e42a8cc2,Религия,550eef19de9ddf7dc4b37617d98589cc,19,91,True
3e2b8d40-5c04-46a4-94bb-9986092d3bd7,Цемент,92c73dfa328525ab086ae872d6614f14,22,66,True
fe8d5f3b-987d-41d7-893e-ddf54f1aa3a9,Выигрыш,550eef19de9ddf7dc4b37617d98589cc,18,61,True
4fc0201b-72c4-478e-a4fb-909cb6398da7,Крест,92c73dfa328525ab086ae872d6614f14,29,127,True
2861566d-8115-49fc-826c-469dcceea00d,Борода,550eef19de9ddf7dc4b37617d98589cc,21,114,True
69e50913-9c1c-443d-b8c9-2cd92589df11,Свисток,92c73dfa328525ab086ae872d6614f14,22,75,True
663232fb-f2dd-424c-a1fa-3f7288ac28a3,Выигрыш,92c73dfa328525ab086ae872d6614f14,16,64,True
d9696ba2-1863-4505-b865-5d562a4485b3,Золото,92c73dfa328525ab086ae872d6614f14,17,63,True
89232436-a86e-49e0-96e2-53babbba6c1a,Обладать,92c73dfa328525ab086ae872d6614f14,16,59,True
e427a0ba-978e-46e8-9e36-a974489b8e26,Витамин,92c73dfa328525ab086ae872d6614f14,18,75,True
0e9037b6-67e7-465e-bd5e-2d21acbb5385,Выигрыш,0c51143375644025ccda56fdfbc4ba06,7,82,True
66055eb4-c48f-4fd2-aee3-eb174c16b71f,Чужой,0c51143375644025ccda56fdfbc4ba06,14,66,True
7b7dbee7-f508-4a3b-81f3-e227325e587d,Выигрыш,44a8ecdfac1eb8202bfb9a681be1ab20,11,44,True
14f408cc-868b-42b9-8f51-f5c1d75d1b65,Пылесос,44a8ecdfac1eb8202bfb9a681be1ab20,9,57,True
f5d69b59-d102-4a93-ad6b-513b87a9bbf0,Свисток,44a8ecdfac1eb8202bfb9a681be1ab20,16,48,True
13470c27-f7ce-492d-92e1-228e42032e35,Золото,44a8ecdfac1eb8202bfb9a681be1ab20,6,42,True
c4234a23-b3ec-48de-8a8d-eb77253fe025,Жарить,a2831ac841c337c541b9f89d169ec69b,22,80,True
fed3cdb9-b361-4532-8cf9-4fbd528bb405,Цемент,a2831ac841c337c541b9f89d169ec69b,30,84,True
2bf3b011-f851-4902-b341-5b97d438e206,Пылесос,a2831ac841c337c541b9f89d169ec69b,29,88,True
693b0690-e723-439b-a5de-bb305a4412f4,Крест,a2831ac841c337c541b9f89d169ec69b,25,95,True
bc197952-495a-4c35-a308-67a074ee8e06,Почки,a2831ac841c337c541b9f89d169ec69b,23,77,True
e8328723-5a00-49eb-94ee-bf4c2f62e45b,Сразу,a2831ac841c337c541b9f89d169ec69b,23,71,True
7cd3d4ed-ef8b-40fd-a95e-639f263ead4e,Крест,4fe3e5fa6670788d04a086330994c231,14,62,True
887f59ff-5868-4452-9b1a-2f6e0d47c15a,Борода,92c73dfa328525ab086ae872d6614f14,30,120,True
e6c72e97-0dd3-4348-84c3-9a0d3740ccdf,Выигрыш,4fe3e5fa6670788d04a086330994c231,11,38,True
dac03a29-bc88-47d0-9dad-1f762f457d19,Золото,4fe3e5fa6670788d04a086330994c231,12,49,True
7f718480-a8fd-4dcb-b2e4-12a081b8573e,Свисток,a2831ac841c337c541b9f89d169ec69b,16,50,True
c23da95b-4c32-425d-ba81-8f86e6c5baea,Свисток,e75f778bbca49e64fdfb582b30648ca9,7,52,True
aa74dfcc-59ad-45a8-9e70-d828e8d92151,Золото,e75f778bbca49e64fdfb582b30648ca9,25,67,True
30ed66f3-6ce0-40f0-8b45-f3df84f19070,Борода,e75f778bbca49e64fdfb582b30648ca9,33,76,True
fcac597e-6894-46de-90ac-1574d1423c51,Борода,efc86825b9a40bcdcc9b54ab81aab3fe,20,94,True
fd091629-93d8-4410-94f2-c2c941bf4385,Витамин,efc86825b9a40bcdcc9b54ab81aab3fe,9,75,True
24b656fe-8054-4aca-8e5c-4328026a2cfc,Религия,efc86825b9a40bcdcc9b54ab81aab3fe,19,63,True
0a4d1b9c-22b5-4e7a-980c-5f3d7c8e7d4c,Обладать,4d26ad833542291c50de9ce88fb4f64a,20,63,True
95f8e540-6e05-4726-92c2-a82a9375436e,Витамин,4d26ad833542291c50de9ce88fb4f64a,16,79,True
4689caf5-3d9e-4d8b-a03b-aff76dedfa44,Золото,4d26ad833542291c50de9ce88fb4f64a,10,68,True
a2ff2b77-dea0-4ed9-86fb-8138ba880836,Цемент,2d84da20c251acaeb3186642fcb04f2e,15,74,True
89658509-0da6-4240-8a29-3e62a1013457,Религия,4d26ad833542291c50de9ce88fb4f64a,6,77,True
34ac50a4-b5c1-4c93-b19c-6385d05d0cb8,Золото,7faa41c4cf0a2602a23390de23574993,61,120,True
550d9421-ad6b-440f-86f2-4dc76e2430f2,Обладать,7faa41c4cf0a2602a23390de23574993,35,119,True
f232ab0b-3797-4d31-80a9-b831be419a4a,Витамин,324cdee3d2550397efb761d8fff48139,16,63,True
e275c697-5dcf-43b1-bef5-d5dd43944491,Почки,ad71ee6996c897e759036b345d7b240e,17,67,True
c32ddeb9-2fa2-434e-bd10-652d356f7a97,Борода,2d84da20c251acaeb3186642fcb04f2e,49,90,True
9b9b33bb-4de3-4a26-b103-15df353ba2cf,остановить,46dd04a1caa75ed3082b573cb5a3ad26,6,69,True
65567e8a-0b1e-4020-b545-e1760050d266,из-за,46dd04a1caa75ed3082b573cb5a3ad26,10,88,True
be74bf46-c176-4e1c-a5f0-4f735b153dd6,чудесный,feea6c22175f962ab28452f7314d1bc0,46,85,True
cea7a1ce-327a-4251-89f4-8ba0039b731b,закончить,46dd04a1caa75ed3082b573cb5a3ad26,9,58,True
f4cb32c0-776d-4513-9771-a4a423b537ba,им,46dd04a1caa75ed3082b573cb5a3ad26,14,66,True
f5ee9fd1-acf2-46e1-83ce-0be0726bbb8c,им,feea6c22175f962ab28452f7314d1bc0,30,100,True
eee5d4f9-350d-4772-ba43-65da0d9200f6,эти,46dd04a1caa75ed3082b573cb5a3ad26,13,53,True
c0ccb6df-c0c7-4557-b9d8-324ac7f19d1c,чудесный,46dd04a1caa75ed3082b573cb5a3ad26,11,47,True
a4bfe352-ffd1-4b63-9ece-5986e56ef909,из-за,a2831ac841c337c541b9f89d169ec69b,23,95,True
55aa6da7-a69c-4da4-b2ad-1b922e97f558,который,46dd04a1caa75ed3082b573cb5a3ad26,14,62,True
79aa0f73-c3f0-45c9-8332-31de921db09a,немедленно,33b317c5a26046cafcd795a2fe4e919e,27,62,True
3d229bcf-4d4d-44f5-9f00-87e4697376ec,чудесный,db573f94204e56e0cf3fc2ea000e5bdc,13,65,True
97fdce3c-08e3-4cb8-830a-405503550e09,чудесный,0df9d6e419cb18069e696edaa170ba87,23,57,True
5666a3e5-bc32-4489-af69-5275c1a6925b,следовало,46dd04a1caa75ed3082b573cb5a3ad26,22,69,True
06296358-fd07-4529-bc74-4be9eef788bd,остановиться,46dd04a1caa75ed3082b573cb5a3ad26,12,54,True
c9b81692-9df8-4a07-9a2a-9efd90d20483,немедленно,db573f94204e56e0cf3fc2ea000e5bdc,15,46,True
b22d6c13-af49-460f-9700-234ee8f3d7fd,поздний,46dd04a1caa75ed3082b573cb5a3ad26,12,63,True
d7a9fc95-3b3e-43dc-8c37-bb5b00787602,немедленно,0df9d6e419cb18069e696edaa170ba87,19,65,True
ca1d187a-e87d-4eea-b312-6cff014873dc,этот,46dd04a1caa75ed3082b573cb5a3ad26,11,57,True
aa1a3e54-b0bd-4790-998e-691a62a15ac4,получить,46dd04a1caa75ed3082b573cb5a3ad26,6,43,True
4b949e28-1700-44bb-912b-930d89ead05a,проверить,46dd04a1caa75ed3082b573cb5a3ad26,4,40,True
44cf5797-3bfb-4bbe-aba2-bcce6644310e,замужем,46dd04a1caa75ed3082b573cb5a3ad26,8,58,True
9eddfb5a-8e1d-43f7-8acd-66c581ad42d2,закончить,db573f94204e56e0cf3fc2ea000e5bdc,19,63,True
52700fc1-ef0b-4f1d-a207-543b20803c4c,поздний,feea6c22175f962ab28452f7314d1bc0,30,79,True
1362f5bf-12db-48d9-b621-edcced0049bb,им,db573f94204e56e0cf3fc2ea000e5bdc,21,75,True
ec2766e3-3a58-4ae5-b052-7c3d0591fda5,подруга,feea6c22175f962ab28452f7314d1bc0,29,101,True
c9e2b041-e520-4ed5-a586-c3acef590add,из-за,db573f94204e56e0cf3fc2ea000e5bdc,18,97,True
a85c1f69-5c1d-4ca8-89b7-61220ff2025b,остаться,46dd04a1caa75ed3082b573cb5a3ad26,9,57,True
d398e995-6ed7-4ce7-a7d5-c46b03c4a067,из-за,0df9d6e419cb18069e696edaa170ba87,20,91,True
e662d7e1-544f-44c6-8002-cca438a7b469,который,db573f94204e56e0cf3fc2ea000e5bdc,17,69,True
f7399b29-044a-4aee-a6b1-29a5e1e86b28,ясный,46dd04a1caa75ed3082b573cb5a3ad26,7,49,True
53fc46f6-ba96-4da3-8e74-e866ab5bb526,немедленно,46dd04a1caa75ed3082b573cb5a3ad26,9,40,True
b7d217d9-f460-4c68-a256-e9bd634bbf9f,получить,feea6c22175f962ab28452f7314d1bc0,46,94,True
eefb475a-7dfc-48a5-ab76-ac59e486e872,минимум,46dd04a1caa75ed3082b573cb5a3ad26,15,44,True
a810fa33-f4cf-4426-aa41-982bfb0470bb,ясный,feea6c22175f962ab28452f7314d1bc0,28,78,True
55fb934e-a753-4893-8579-3612d2f5a219,остановить,db573f94204e56e0cf3fc2ea000e5bdc,19,67,True
ecccb043-280c-4f56-90e7-b2edeef7f349,тогда,46dd04a1caa75ed3082b573cb5a3ad26,4,39,True
171087d2-4fe2-4965-9954-f7096674f7d5,следовало,db573f94204e56e0cf3fc2ea000e5bdc,16,68,True
80d839d4-5fa2-41fc-9f6b-9bba8557303c,над,46dd04a1caa75ed3082b573cb5a3ad26,11,50,True
893b62fc-dd1a-4e9c-a2ee-b5de9948bf6d,который,0df9d6e419cb18069e696edaa170ba87,26,69,True
489d7be1-6829-4e37-b663-d783291c4600,проверить,db573f94204e56e0cf3fc2ea000e5bdc,25,74,True
c3a715d8-714e-4b67-aa3d-2bfd4983c1f9,изучить,feea6c22175f962ab28452f7314d1bc0,28,74,True
39adac83-5cb6-4165-b3d2-ef9c06d14c90,поздний,db573f94204e56e0cf3fc2ea000e5bdc,20,54,True
5ba200b1-65ba-47bf-84d6-c1fbdc09a2ac,над,a2831ac841c337c541b9f89d169ec69b,34,81,True
7cb4c1b3-f1d4-4cbd-a8ea-8b4dcb9890ea,эти,db573f94204e56e0cf3fc2ea000e5bdc,28,62,True
913378bc-ae9c-4e15-9f63-88bd27d0aee6,предложить,46dd04a1caa75ed3082b573cb5a3ad26,9,50,True
f0d85824-41c5-4ffc-9e1d-a7ea18d3de68,терять,46dd04a1caa75ed3082b573cb5a3ad26,10,44,True
4276baa2-5c0f-4617-a0d2-f568388f8431,замужем,a2831ac841c337c541b9f89d169ec69b,30,74,True
577c3d06-bbf5-4658-ba93-590f1bb0c8ab,остановиться,db573f94204e56e0cf3fc2ea000e5bdc,22,72,True
245c1aff-7a6e-4cf0-8820-0d73ca9ed36c,этот,db573f94204e56e0cf3fc2ea000e5bdc,16,63,True
8f5148ca-3899-4bd6-aa00-105adfc8acd0,теперь,feea6c22175f962ab28452f7314d1bc0,31,78,True
22ab4757-1fe8-40dc-b0a6-d16775d717a5,подруга,db573f94204e56e0cf3fc2ea000e5bdc,11,69,True
f5483c22-e75d-4302-b45b-fad10c6aefbb,минимум,a2831ac841c337c541b9f89d169ec69b,26,64,True
be91a9d7-cc58-4d70-aa44-facc1e1da919,замужем,db573f94204e56e0cf3fc2ea000e5bdc,21,54,True
d1f2ee9c-1990-4961-8c50-dfed3f114f7b,теперь,46dd04a1caa75ed3082b573cb5a3ad26,0,40,True
1d27f6ab-aea5-4531-b5af-a3a8bc33cb67,прекрасный,feea6c22175f962ab28452f7314d1bc0,26,71,True
9fb24f84-9bce-412d-b7da-0a905bdde019,около,46dd04a1caa75ed3082b573cb5a3ad26,11,64,True
2e3c1094-a5a9-48a9-9231-9909f7d49075,что-нибудь,feea6c22175f962ab28452f7314d1bc0,28,77,True
16756e2e-2f7f-4e06-a3c9-4333e7a7e6b3,что-нибудь,46dd04a1caa75ed3082b573cb5a3ad26,10,51,True
ca42ae42-9235-4b2c-9de6-899651a42606,получить,db573f94204e56e0cf3fc2ea000e5bdc,20,57,True
0e586c54-b1d4-49bc-8840-721a733f6aed,закончить,f2dc6eab563f93d86629c1cfe479f09d,32,60,True
597af9f9-cd31-4328-bd46-90f64b20fd71,прекрасный,46dd04a1caa75ed3082b573cb5a3ad26,10,45,True
d5e0beea-23fa-480a-8db5-bc401358bc55,взять,feea6c22175f962ab28452f7314d1bc0,23,62,True
9b06d096-f237-4497-90fc-2f5dd60cc46f,нам,46dd04a1caa75ed3082b573cb5a3ad26,3,37,True
f4d93fbe-4d67-463e-8750-9bd26eaf1413,эти,f2dc6eab563f93d86629c1cfe479f09d,20,56,True
1b2957bb-dd1b-4545-94b7-a5bf8df864f9,тогда,a2831ac841c337c541b9f89d169ec69b,16,53,True
1bbed178-043c-4f5c-b97d-578b5bd070cf,ясный,db573f94204e56e0cf3fc2ea000e5bdc,18,73,True
39a808ca-9d6b-4ab7-92e4-f113c5e58996,взять,46dd04a1caa75ed3082b573cb5a3ad26,3,39,True
1191a653-d622-4bec-924f-eb736abbe000,дать,46dd04a1caa75ed3082b573cb5a3ad26,3,40,True
38cb56d0-9cff-4fee-b9bd-1327301b9e02,остаться,db573f94204e56e0cf3fc2ea000e5bdc,32,79,True
4d9a5f30-5910-485b-8751-851e7119ed27,изучить,db573f94204e56e0cf3fc2ea000e5bdc,18,57,True
878c1b64-53c8-4116-b7d9-ec520926d6f1,вас,46dd04a1caa75ed3082b573cb5a3ad26,3,30,True
0e5e46a7-d281-4282-98bc-24fdcd0cb9b6,тогда,db573f94204e56e0cf3fc2ea000e5bdc,14,47,True
642d20b7-2390-4d19-b8d6-08453b8e2e6c,нам,feea6c22175f962ab28452f7314d1bc0,31,63,True
eeb1b707-9b7d-4e44-a473-28f7f661e521,чудесный,81c0cdc37caa67e7ddf8e06c0a4443c8,19,69,True
402a062e-5034-4f2b-9020-4171c70e11a2,слишком,46dd04a1caa75ed3082b573cb5a3ad26,3,40,True
1c8f6162-0276-4b40-be89-1866c6788518,вы,46dd04a1caa75ed3082b573cb5a3ad26,8,40,True
8142acf6-de55-40d8-93fb-8aa89aa64fc7,слишком,feea6c22175f962ab28452f7314d1bc0,29,81,True
d983e18e-de65-4e58-a564-53d1e48c9066,позволить,46dd04a1caa75ed3082b573cb5a3ad26,12,50,True
6becb623-c16d-4dab-9b86-baa7f885c2c8,привезти,46dd04a1caa75ed3082b573cb5a3ad26,9,58,True
3997ba3e-1abd-4f37-a539-2bda0ddba63a,петь,46dd04a1caa75ed3082b573cb5a3ad26,13,85,True
6c8d5a31-5ebc-428c-adf1-37f0b78660cf,вам,feea6c22175f962ab28452f7314d1bc0,22,57,True
c69e4230-b60a-40e0-9075-167d4fdd38d3,вам,46dd04a1caa75ed3082b573cb5a3ad26,10,36,True
0fa5ae19-af51-46c4-af7d-ddad36bebc79,наверху,46dd04a1caa75ed3082b573cb5a3ad26,3,47,True
1fdcfce5-0f30-4225-88e2-3ef19c77e9eb,над,db573f94204e56e0cf3fc2ea000e5bdc,23,77,True
cbad8c19-e054-4e54-9bf2-9fda6a62ee6d,наверху,feea6c22175f962ab28452f7314d1bc0,29,89,True
2f0bbf36-85d8-4814-8c58-af95ecef3da6,наружу,46dd04a1caa75ed3082b573cb5a3ad26,10,46,True
d2eb2288-d4e3-4b9e-9e2b-99201b457bb4,терять,db573f94204e56e0cf3fc2ea000e5bdc,20,67,True
96e25479-6ba8-46d9-86b1-e7ac565adc70,предложить,db573f94204e56e0cf3fc2ea000e5bdc,16,69,True
339e7c8a-edaa-46e9-9bb5-e88fb44ed3a0,те,46dd04a1caa75ed3082b573cb5a3ad26,7,43,True
79225dd3-17b5-4981-95f7-e4b33024bd4c,замужем,0df9d6e419cb18069e696edaa170ba87,34,84,True
3dd780fd-71f3-406d-92e8-954227d90971,от,db573f94204e56e0cf3fc2ea000e5bdc,25,78,True
d1539615-b86b-4871-a5cb-0231a52bc927,минимум,db573f94204e56e0cf3fc2ea000e5bdc,15,53,True
68b0162c-e061-41e5-80b2-b7803a4f8228,прийти,46dd04a1caa75ed3082b573cb5a3ad26,1,49,True
de42863b-9ac3-4e0f-9837-48acf366f551,теперь,db573f94204e56e0cf3fc2ea000e5bdc,20,59,True
9785e1d4-3fff-4d1b-a15f-798a46b57422,вас,a2831ac841c337c541b9f89d169ec69b,15,52,True
49df455e-865c-4827-b895-82f59b217603,около,db573f94204e56e0cf3fc2ea000e5bdc,19,80,True
8386c9fa-8a0a-48fc-ab4d-b65cd0c43dfd,привезти,a2831ac841c337c541b9f89d169ec69b,14,57,True
680ed6c3-eb10-41da-a90a-8ead9df14fb7,слишком,a2831ac841c337c541b9f89d169ec69b,14,53,True
9c0ad1dd-b3c2-49a3-a7f3-a1b7e941bfed,нам,db573f94204e56e0cf3fc2ea000e5bdc,19,54,True
9728e067-0773-4138-b009-ef7288fc39f4,её,46dd04a1caa75ed3082b573cb5a3ad26,18,55,True
f565d120-9178-492a-a8b4-6599aa713d5a,прекрасный,db573f94204e56e0cf3fc2ea000e5bdc,13,61,True
f45c6c96-6dff-4df0-aefb-93bea412e0d5,всё,46dd04a1caa75ed3082b573cb5a3ad26,7,49,True
98b6e256-cc93-4910-96a3-026505ec16f3,дать,db573f94204e56e0cf3fc2ea000e5bdc,19,72,True
2195268e-3411-4e97-8fb2-b90714287426,женат,46dd04a1caa75ed3082b573cb5a3ad26,8,40,True
c55d005c-39ce-4319-9982-0467293f1d2c,взять,db573f94204e56e0cf3fc2ea000e5bdc,15,62,True
ebf0b1d4-e75a-45ee-994c-f21154323c60,привезти,feea6c22175f962ab28452f7314d1bc0,36,95,True
efcd2acd-424d-4eb1-b203-86170479ddfa,бы,46dd04a1caa75ed3082b573cb5a3ad26,14,54,True
288e6948-36a5-416d-bf4b-67eca4ad7ce7,прийти,a2831ac841c337c541b9f89d169ec69b,20,71,True
d6d62c9b-5bb9-4c5e-979d-ee66281b3e10,позволить,db573f94204e56e0cf3fc2ea000e5bdc,8,59,True
0f020776-34d1-4dcb-b05f-a46b4079e300,показать,a2831ac841c337c541b9f89d169ec69b,18,63,True
ed94975d-3dad-447e-96b4-469b2f206cf9,те,a2831ac841c337c541b9f89d169ec69b,22,57,True
a00ecb5b-759c-4eaa-ad96-78b9d87be9c8,прийти,feea6c22175f962ab28452f7314d1bc0,35,99,True
09c980a6-60e3-4c95-9aff-6dd3f0290a74,слишком,db573f94204e56e0cf3fc2ea000e5bdc,16,67,True
0f02bf01-0f76-448a-a0e4-b43096c92990,вы,db573f94204e56e0cf3fc2ea000e5bdc,13,53,True
45d3291b-0868-4f14-b709-17eb0ba62f83,им,33b317c5a26046cafcd795a2fe4e919e,31,96,True
db1f8965-3225-4bac-b9db-1d33aaf751cc,те,feea6c22175f962ab28452f7314d1bc0,42,82,True
4399b066-bd5e-486f-b594-eb4d4d78318d,ясный,0df9d6e419cb18069e696edaa170ba87,26,83,True
aee337a8-e9d8-4c65-851d-19a83a095cd1,петь,db573f94204e56e0cf3fc2ea000e5bdc,11,75,True
e1d17d80-e0ab-4596-ae5e-b3eb3f603593,вам,db573f94204e56e0cf3fc2ea000e5bdc,28,69,True
cf0af5ab-caf4-43d0-bba3-e6da22be9ad7,её,a2831ac841c337c541b9f89d169ec69b,19,63,True
befca264-8882-46f7-a07e-60a20b6f7953,наружу,feea6c22175f962ab28452f7314d1bc0,30,87,True
242b3755-b010-4b5a-9f7a-74ac226d7712,что-нибудь,db573f94204e56e0cf3fc2ea000e5bdc,19,75,True
677d0372-7ecc-4d2a-8a45-53df0831f4a5,наверху,a2831ac841c337c541b9f89d169ec69b,18,60,True
6498e36d-4486-47d8-93c6-31087b5f7e9a,теперь,0df9d6e419cb18069e696edaa170ba87,30,83,True
d38bb23c-9868-42da-985a-40643a67fa10,женат,feea6c22175f962ab28452f7314d1bc0,38,91,True
ed66b0ff-fd37-4050-ab98-6114d72d9826,показать,db573f94204e56e0cf3fc2ea000e5bdc,17,63,True
00750fe3-0d8c-4de7-9c3b-65addc77609c,наружу,db573f94204e56e0cf3fc2ea000e5bdc,21,70,True
765e4c0b-0337-46c1-9e02-a25226349696,всё,feea6c22175f962ab28452f7314d1bc0,24,72,True
94b39414-94dc-4296-ba12-a1233cac2e9e,вас,db573f94204e56e0cf3fc2ea000e5bdc,21,57,True
de56d87d-b8b3-4049-823f-051f22c50796,привезти,db573f94204e56e0cf3fc2ea000e5bdc,17,69,True
3c2f020c-8e39-4fd1-87e8-8553bd6eff52,эти,0041ec866777f12c384b64d8cd636277,28,79,True
d37b3521-93af-4318-8ba4-a6f860f7a1c0,что-нибудь,0df9d6e419cb18069e696edaa170ba87,24,89,True
f8fb630c-0b4a-4ef7-84d4-836e17ddfe44,прийти,db573f94204e56e0cf3fc2ea000e5bdc,18,71,True
45f619f8-18f0-49c0-a536-68c0a79d7ebf,из-за,20f1589682a8e64769ae2ebc21b5fb6b,28,77,True
124a6fb7-902e-44f3-968e-ba138f6d307c,те,db573f94204e56e0cf3fc2ea000e5bdc,23,62,True
32475b40-3c50-41e3-a902-6919ddadb210,закончить,0041ec866777f12c384b64d8cd636277,18,87,True
86809cae-f440-4fbb-98fc-5dd91419bdff,дать,0df9d6e419cb18069e696edaa170ba87,27,64,True
eb74911e-ee58-4772-aa1b-17ae76a48bf4,немедленно,20f1589682a8e64769ae2ebc21b5fb6b,23,65,True
ccd71f45-4916-4e29-8360-e0670b1fd2bb,бы,db573f94204e56e0cf3fc2ea000e5bdc,26,70,True
57d6f5fd-d458-4ab7-bd4f-46a34a79443e,остановить,20f1589682a8e64769ae2ebc21b5fb6b,23,87,True
1a9d4c1c-e76d-4ce3-bc3b-c72be0fbb8e2,им,20f1589682a8e64769ae2ebc21b5fb6b,33,99,True
a5091f0b-1a89-478c-98b6-99e500004fdb,всё,db573f94204e56e0cf3fc2ea000e5bdc,35,73,True
bebbf351-a5ad-4197-9c88-09b6f62b110f,её,db573f94204e56e0cf3fc2ea000e5bdc,26,96,True
1258ab8c-f06b-49b5-aad7-3316aa518b0a,этот,33b317c5a26046cafcd795a2fe4e919e,37,86,True
042a208c-42f7-48a7-bfa7-d85713aadd95,который,6fefb7617d77222efd121f4a2d6a79d6,22,80,True
56a6c32b-9956-4d9b-bd92-0ac13a913a0d,этот,f2dc6eab563f93d86629c1cfe479f09d,15,47,True
cc3c5828-5627-4116-8981-642644e59196,около,f2dc6eab563f93d86629c1cfe479f09d,11,43,True
41615a13-f9c7-4384-be25-368810e15b28,проверить,33b317c5a26046cafcd795a2fe4e919e,24,98,True
2d9fc999-d9b7-4c92-95b1-ad2e3f717b14,вы,0df9d6e419cb18069e696edaa170ba87,33,85,True
e54074d4-482b-46d0-aabf-39eecdcfdf0a,слишком,0df9d6e419cb18069e696edaa170ba87,26,72,True
c2fab240-5fed-4c6c-a543-bf31af836fdd,чудесный,20f1589682a8e64769ae2ebc21b5fb6b,31,79,True
1e852824-ac24-4f03-a30f-22397ad551e1,вас,0df9d6e419cb18069e696edaa170ba87,29,74,True
08ad459b-b6e6-48cc-9811-6d3408ab6177,привезти,0df9d6e419cb18069e696edaa170ba87,28,79,True
14e1101f-ff10-4729-b2b9-1f3597fd9b25,нам,f2dc6eab563f93d86629c1cfe479f09d,21,47,True
c7b7fa78-2986-4ccd-933f-71368b5bf16b,позволить,f2dc6eab563f93d86629c1cfe479f09d,23,51,True
dc543606-a80d-4ee5-8307-a8150ff24bd1,из-за,e75f778bbca49e64fdfb582b30648ca9,44,118,True
a3de7f48-9d59-4b98-b9cd-4f5084a10079,прийти,0df9d6e419cb18069e696edaa170ba87,26,95,True
f37460ac-c6db-4b3e-8365-5b3f7fb18c85,проверить,20f1589682a8e64769ae2ebc21b5fb6b,27,76,True
ecf91825-b201-427e-bffb-597222769987,прекрасный,f2dc6eab563f93d86629c1cfe479f09d,14,48,True
e6a272bc-fe22-4614-b42e-c1a987c9571a,эти,81c0cdc37caa67e7ddf8e06c0a4443c8,17,65,True
56e539c1-13b2-470e-bafa-c9a97d1ca4c7,показать,0df9d6e419cb18069e696edaa170ba87,23,81,True
09014284-43c4-4501-8eb4-74251ef4ce9b,этот,6fefb7617d77222efd121f4a2d6a79d6,49,115,True
2eb18d72-56cc-4473-94f5-404b8cac7066,эти,ab460ff83e8c5b13a705a9e2081023c2,11,47,True
8dfba5e6-3255-464f-a79d-01d75a5c9335,вы,f2dc6eab563f93d86629c1cfe479f09d,21,43,True
923a7bec-740c-493f-a511-6f9cfb7952cc,над,20f1589682a8e64769ae2ebc21b5fb6b,25,93,True
90c28da9-887d-4312-b443-1e51fb311d98,подруга,20f1589682a8e64769ae2ebc21b5fb6b,27,100,True
501af53a-b02d-4efb-9e49-b5bc5c00bb14,остаться,20f1589682a8e64769ae2ebc21b5fb6b,37,96,True
143b1b96-feee-4503-b765-958d056d573a,бы,0df9d6e419cb18069e696edaa170ba87,26,72,True
309e28ed-5894-4f66-b98d-535f81bbd0d2,наверху,f2dc6eab563f93d86629c1cfe479f09d,12,54,True
50fbc61b-eb76-4319-bcef-bd99ebee30cf,немедленно,ab460ff83e8c5b13a705a9e2081023c2,9,63,True
6a30c47c-e73b-4035-8595-fcb6e4ff640d,её,0df9d6e419cb18069e696edaa170ba87,21,69,True
52c357cb-1ca5-4f6f-aa96-a794045c774b,им,e75f778bbca49e64fdfb582b30648ca9,24,79,True
9ecf0241-afc5-4a8c-841b-6e43e0c843b3,показать,f2dc6eab563f93d86629c1cfe479f09d,7,43,True
357c1ae5-87c8-47a4-aea5-05b2a399beb5,минимум,20f1589682a8e64769ae2ebc21b5fb6b,40,81,True
9aa62389-622c-478c-9b9c-e1fbd8c8cf7d,всё,0df9d6e419cb18069e696edaa170ba87,36,90,True
0d8c33d9-2f8d-4f0f-957c-a1b238ee38ab,взять,f2dc6eab563f93d86629c1cfe479f09d,21,42,True
9031b39c-0f7a-4fba-bd35-a09f29692f20,теперь,20f1589682a8e64769ae2ebc21b5fb6b,32,76,True
8cb4a653-ab1c-4479-8037-4c7f750744dd,терять,20f1589682a8e64769ae2ebc21b5fb6b,33,88,True
05a9a540-6cfe-4f7c-b998-2d3375d36232,который,e75f778bbca49e64fdfb582b30648ca9,15,56,True
d9b7cdac-e6ba-461a-ba73-71f8528b42a9,всё,f2dc6eab563f93d86629c1cfe479f09d,11,40,True
c28149ae-e2ba-450e-860a-bd993303f7fc,изучить,33b317c5a26046cafcd795a2fe4e919e,24,69,True
420ee39e-9420-413b-8d2b-9a5fc99146b0,что-нибудь,20f1589682a8e64769ae2ebc21b5fb6b,37,107,True
6d7cb0d5-54c8-48e1-b5d8-1c688ff09dfa,нам,20f1589682a8e64769ae2ebc21b5fb6b,37,78,True
6d9e74bd-9ba7-4899-b2c8-9a354ba9ca71,немедленно,e75f778bbca49e64fdfb582b30648ca9,11,45,True
621a3d78-45d0-4c40-a09a-13c0b921abb1,её,f2dc6eab563f93d86629c1cfe479f09d,19,48,True
a153a5f1-72b0-4b16-a0e0-1a0ae9638990,слишком,20f1589682a8e64769ae2ebc21b5fb6b,22,73,True
7ca7d0c6-8be7-45d2-92aa-bdac3e98ee70,над,ab460ff83e8c5b13a705a9e2081023c2,11,56,True
a2ff633b-94c1-4641-9ecf-dbfee133871e,прийти,20f1589682a8e64769ae2ebc21b5fb6b,20,74,True
700e7d65-4691-48af-b86e-ef5e01ee6c86,ясный,ab460ff83e8c5b13a705a9e2081023c2,3,60,True
caa4e97f-a096-450f-a42d-e6f66d7592b8,предложить,ab460ff83e8c5b13a705a9e2081023c2,4,55,True
da8acdce-1bc1-4419-a5f3-dabd681153c8,предложить,33b317c5a26046cafcd795a2fe4e919e,25,65,True
4699249c-3f2b-48fa-bd7b-4359dbe491f4,нам,ab460ff83e8c5b13a705a9e2081023c2,0,41,True
cce8a389-0356-4535-909c-9aaaaca27671,теперь,ab460ff83e8c5b13a705a9e2081023c2,13,49,True
59b4bcd5-de9d-492b-9866-97a358c00b0b,им,ad71ee6996c897e759036b345d7b240e,20,60,True
a26717dd-39f3-473c-b117-338472881de3,теперь,33b317c5a26046cafcd795a2fe4e919e,34,56,True
579ef55b-339d-49bc-ad23-33978acc5465,из-за,ad71ee6996c897e759036b345d7b240e,16,108,True
70ef4a48-e6a6-4389-ba2e-82ca26dea2a7,взять,ab460ff83e8c5b13a705a9e2081023c2,6,37,True
5a007635-89d8-4b65-9e5a-49c076932738,от,ab460ff83e8c5b13a705a9e2081023c2,14,76,True
b9dc497b-20e1-4775-9811-242e94ffd64b,изучить,6fefb7617d77222efd121f4a2d6a79d6,23,87,True
dd1f4ea7-e958-450e-a5a1-5169fafaf1f4,минимум,6fefb7617d77222efd121f4a2d6a79d6,33,72,True
7131d7da-8e5f-4142-9314-7c292ca9017a,теперь,6fefb7617d77222efd121f4a2d6a79d6,41,89,True
2a91bc48-e409-4ed5-9be8-cddb3a62161d,терять,6fefb7617d77222efd121f4a2d6a79d6,43,92,True
29296d0f-5409-4312-96ba-9be1ae31bc1b,немедленно,95af8e702c909eee7145c6dc1a3d756b,16,45,True
fe35b83b-32b7-4aa4-8918-6c53603f7778,немедленно,154a5a96cdb51a98d40895acdcc0de60,40,96,True
b4c35248-9cb9-4d89-9d12-7d99b8b29a1b,из-за,95af8e702c909eee7145c6dc1a3d756b,15,115,True
6b99c32f-07d8-494b-9d05-a25b9bde8d81,женат,ab460ff83e8c5b13a705a9e2081023c2,0,47,True
ef474869-fe18-4f42-bc95-c0135c73cdcc,чудесный,95af8e702c909eee7145c6dc1a3d756b,9,53,True
55317138-3ac1-486a-b030-f8f9240aa57b,её,ab460ff83e8c5b13a705a9e2081023c2,10,58,True
0bde076b-73c9-4c27-b484-e21217f6540d,закончить,154a5a96cdb51a98d40895acdcc0de60,7,65,True
7034c6f7-18b7-4268-b468-737d075af4ec,который,95af8e702c909eee7145c6dc1a3d756b,12,60,True
4fd9a37f-b620-420b-9c8d-6c26811310a3,закончить,95af8e702c909eee7145c6dc1a3d756b,14,50,True
569a65be-2848-4274-b423-39caab99e4c9,эти,95af8e702c909eee7145c6dc1a3d756b,13,63,True
c0da71ce-3b04-4171-b0fb-edf21eb51524,следовало,95af8e702c909eee7145c6dc1a3d756b,6,77,True
d5e66c0f-bd1b-41d5-a15a-f8383e202ad3,остановить,95af8e702c909eee7145c6dc1a3d756b,15,68,True
dc222b12-d4ff-49fe-bd2d-98228f99a665,им,95af8e702c909eee7145c6dc1a3d756b,18,73,True
e7602772-cf1a-4338-90c8-3ff1e2e829e7,им,76aa633fcb2bec4e6b0852635a8af57c,20,87,True
ef7218bf-18db-4a80-aef2-798d059b3dd2,остановиться,95af8e702c909eee7145c6dc1a3d756b,18,78,True
852fdb57-d00d-4c24-8fee-34d6e0b74452,следовало,76aa633fcb2bec4e6b0852635a8af57c,15,70,True
4446efc6-490b-4035-adf3-8b705f97170f,поздний,95af8e702c909eee7145c6dc1a3d756b,2,51,True
6cb8a69a-1bc8-4210-9dbd-cd8be4aac6a8,проверить,95af8e702c909eee7145c6dc1a3d756b,9,70,True
d695cc00-c50a-48a4-aa3f-9b7f6e8a9416,взять,6fefb7617d77222efd121f4a2d6a79d6,25,67,True
e4b75531-926f-4b85-8671-639c93890999,получить,95af8e702c909eee7145c6dc1a3d756b,12,66,True
b9189d3b-70f2-4a7d-a90e-5bf847a2dd0a,подруга,95af8e702c909eee7145c6dc1a3d756b,9,74,True
b175dee1-95dc-4820-9852-80f45556f1a3,замужем,95af8e702c909eee7145c6dc1a3d756b,12,69,True
aad5ab06-77b5-4898-800a-bfcc334d3774,немедленно,fc6e5caa3dc328e7558b072e6607e399,8,47,True
695e7635-2516-4785-bc98-b3d3add8be9d,эти,08b8fc47e7a869751c13f64a922e6c15,14,81,True
456cdd12-f133-4986-af8e-94c83bda2af8,изучить,95af8e702c909eee7145c6dc1a3d756b,14,64,True
c42194c7-93c0-4b36-91c2-1b36a2a536f6,закончить,fc6e5caa3dc328e7558b072e6607e399,17,58,True
257192fe-16be-461d-be59-9403c556f51e,из-за,fb1007e5ffe149cc08bccaf8eda2ce31,40,139,True
9c396786-e907-4404-be2c-1c15d38443ac,вы,6fefb7617d77222efd121f4a2d6a79d6,36,80,True
4c85c5d6-3b35-4322-a771-0873e8fbb992,минимум,e75f778bbca49e64fdfb582b30648ca9,7,46,True
63729447-f1cc-475e-b56b-530bf394a36e,ясный,95af8e702c909eee7145c6dc1a3d756b,14,49,True
822782ac-7c9b-479d-8781-fbdd09f783d9,им,08b8fc47e7a869751c13f64a922e6c15,10,95,True
8e840234-2515-45ed-bcbb-88073e48a09d,петь,6fefb7617d77222efd121f4a2d6a79d6,33,110,True
c6ad0613-1a8f-4e64-a328-862cd666f624,остановить,fc6e5caa3dc328e7558b072e6607e399,14,52,True
b91ee77d-6b49-4ea6-8620-1ee7693b6b81,остаться,95af8e702c909eee7145c6dc1a3d756b,23,59,True
b027a610-49e5-49f2-86d9-f5df67a871ab,тогда,95af8e702c909eee7145c6dc1a3d756b,16,52,True
ea232f80-d1e9-4351-8a27-69413110783b,минимум,95af8e702c909eee7145c6dc1a3d756b,19,57,True
3c7169cf-1866-456a-bd2d-257a0db2a032,терять,95af8e702c909eee7145c6dc1a3d756b,9,56,True
b18bd470-2078-47f5-8cc0-ec1030f66891,предложить,95af8e702c909eee7145c6dc1a3d756b,16,67,True
0a9ae88b-9a7e-4514-aff3-6facadc8f9c7,чудесный,fc6e5caa3dc328e7558b072e6607e399,13,51,True
e707f6a5-7eb6-471d-8f0f-c3620bd26f5d,следовало,08b8fc47e7a869751c13f64a922e6c15,13,88,True
d0883f08-9637-4d44-b819-1f8279c1879b,над,95af8e702c909eee7145c6dc1a3d756b,17,81,True
eb947fe0-32cb-450a-8bfa-7ff113d3c74d,им,fc6e5caa3dc328e7558b072e6607e399,10,60,True
a653d5e8-5fc0-4a42-99b9-f8524d50a9f0,теперь,95af8e702c909eee7145c6dc1a3d756b,16,57,True
3a4c885c-800d-4103-93e9-cdaee78cfe00,поздний,08b8fc47e7a869751c13f64a922e6c15,11,62,True
676af155-2bb7-48d7-b561-1fa67a8b6dad,прекрасный,95af8e702c909eee7145c6dc1a3d756b,10,68,True
d53777a7-6d9d-4990-85a0-6349f85a5c0a,вас,6fefb7617d77222efd121f4a2d6a79d6,24,73,True
820a5db5-c032-44af-a0c2-32f2b64ac272,эти,fc6e5caa3dc328e7558b072e6607e399,16,60,True
e0ac5e97-c7c5-4ea2-8f84-323eab0a8a10,что-нибудь,95af8e702c909eee7145c6dc1a3d756b,10,68,True
cea75d49-5e19-496b-bced-5a70344eeb09,вам,6fefb7617d77222efd121f4a2d6a79d6,32,65,True
c31d69b1-1521-4807-b260-701beca3bcc1,нам,95af8e702c909eee7145c6dc1a3d756b,16,58,True
51fce3ce-3b82-4d14-8ac1-d7aa5bc8297e,от,95af8e702c909eee7145c6dc1a3d756b,14,55,True
8a44f332-ad9e-4a3f-9948-0280ca56981a,позволить,95af8e702c909eee7145c6dc1a3d756b,4,52,True
85a59c76-afad-4680-bfae-7a5ba48f5b99,им,ca6b767f0cccf093ba737ae2fc4fec3d,11,68,True
745325b2-91ed-45e6-b83d-6b78281c6426,который,fc6e5caa3dc328e7558b072e6607e399,16,57,True
64a18115-45af-4a80-8499-070e59ebc883,взять,95af8e702c909eee7145c6dc1a3d756b,8,57,True
aca45529-ee57-4abb-b042-f76632060277,дать,95af8e702c909eee7145c6dc1a3d756b,12,69,True
d0c37599-3b84-4f62-9420-dc0b780a002a,около,95af8e702c909eee7145c6dc1a3d756b,8,60,True
74f8be5a-f948-4377-8dab-a5645e89cbe7,остановиться,fc6e5caa3dc328e7558b072e6607e399,10,50,True
314fcdaa-e9ed-485d-8914-ccdb345614aa,минимум,154a5a96cdb51a98d40895acdcc0de60,24,63,True
ddbf7de9-3617-484b-9f83-80f48f202a75,вы,95af8e702c909eee7145c6dc1a3d756b,7,52,True
b9d2827f-561b-44db-8d31-8b9e8ea41643,наверху,95af8e702c909eee7145c6dc1a3d756b,8,55,True
9ed910e1-00a1-4c1a-b344-e5346bd92390,вам,95af8e702c909eee7145c6dc1a3d756b,9,46,True
5b4f406d-6974-4268-a3e2-8c4167cf6a7f,бы,6fefb7617d77222efd121f4a2d6a79d6,19,81,True
03222fdc-679f-46ed-9e70-037bf14eb53b,привезти,95af8e702c909eee7145c6dc1a3d756b,5,65,True
4f31345e-9f6a-42ea-b05f-ef9e9f20db49,следовало,fc6e5caa3dc328e7558b072e6607e399,15,81,True
a1b2da6f-ca35-4d67-bf2c-fc4fb5a12b86,показать,95af8e702c909eee7145c6dc1a3d756b,6,53,True
62472c74-db04-4505-9244-7faa23139e2f,тогда,154a5a96cdb51a98d40895acdcc0de60,21,55,True
38befcb2-2580-4a71-8cc4-1957452d472e,наружу,95af8e702c909eee7145c6dc1a3d756b,6,79,True
398e6c34-a316-46f8-9913-2784ac4564d8,вас,95af8e702c909eee7145c6dc1a3d756b,11,48,True
10b9274a-e639-4cf3-bf3c-a9277b72d385,прийти,95af8e702c909eee7145c6dc1a3d756b,10,74,True
75f55d86-82ef-4e83-926c-b14a9b87c54a,слишком,95af8e702c909eee7145c6dc1a3d756b,9,83,True
23c3e403-d30c-4f93-812c-9fc945b6819e,те,95af8e702c909eee7145c6dc1a3d756b,8,51,True
b8b244a5-d38e-49da-84fc-5e6d960f576e,немедленно,c05c242d2524d1de48c68f1667cd7b6b,1,42,True
b8f50b27-2fe6-4c19-8ce7-036ecebe718c,поздний,fc6e5caa3dc328e7558b072e6607e399,13,63,True
ad3a529c-e78a-4ef0-9bd3-1ae332848b6f,бы,95af8e702c909eee7145c6dc1a3d756b,11,59,True
3b48d221-3116-4adc-aa9b-ab8fbdc301a3,женат,95af8e702c909eee7145c6dc1a3d756b,4,57,True
4a2c35a1-3e4b-4111-99fa-fe3c2b4a4d56,минимум,76aa633fcb2bec4e6b0852635a8af57c,19,74,True
89f49099-b34d-43e0-8070-31dba94d647a,чудесный,c80b4e57f158f28299b2a89694c42329,15,65,True
3fa54adf-b59f-4e4c-b745-a0fcfc35c48d,минимум,08b8fc47e7a869751c13f64a922e6c15,9,54,True
c7e53269-b327-40ce-8ee9-6b73b105b165,закончить,c80b4e57f158f28299b2a89694c42329,35,87,True
0056a61f-ce0c-496b-bfc4-7cfff503ed52,из-за,c80b4e57f158f28299b2a89694c42329,24,125,True
c4e027f9-16c4-4502-9ce9-d0cc3bb16133,её,95af8e702c909eee7145c6dc1a3d756b,7,49,True
69e4e0a6-cc7d-45fe-b99c-14ba0a8e7b6d,дать,33b317c5a26046cafcd795a2fe4e919e,24,60,True
7d1101ba-da20-4a47-939c-3702c3454164,всё,95af8e702c909eee7145c6dc1a3d756b,17,69,True
bbe52acf-dc2a-44c5-8147-1f479f781e70,остаться,e75f778bbca49e64fdfb582b30648ca9,21,63,True
cc90a99c-1c0a-48b5-84cd-ebce0710216e,изучить,ad71ee6996c897e759036b345d7b240e,30,68,True
00cd372c-bbf7-4997-a4cd-08923392261b,чудесный,52003757d6b63a3ee7a71f36f5a9a17b,19,79,True
72049831-7db0-4acf-b801-69bd7c708da6,предложить,08b8fc47e7a869751c13f64a922e6c15,14,65,True
888b6a2f-52eb-4c9e-b564-8cd42a982653,проверить,c80b4e57f158f28299b2a89694c42329,52,106,True
1e461780-eb4a-4816-b0d1-cd50cbd2c4f7,около,08b8fc47e7a869751c13f64a922e6c15,15,76,True
193dbf7a-71e6-4329-944f-0c44167acbdb,замужем,c80b4e57f158f28299b2a89694c42329,25,95,True
1d8c0881-1c40-4d64-bac9-3670ac47739f,остаться,76aa633fcb2bec4e6b0852635a8af57c,9,74,True
fd502d3b-4f13-48ad-b9bb-1ad0e3119d0d,нам,08b8fc47e7a869751c13f64a922e6c15,23,70,True
9ddc076d-00b0-4fcb-8b0c-656a05471e05,этот,fc6e5caa3dc328e7558b072e6607e399,18,76,True
d9b73166-12f4-4fd8-8a96-96c8fd907fc4,что-нибудь,08b8fc47e7a869751c13f64a922e6c15,26,73,True
e71075f8-45cb-4b4b-b384-f415bfdf406c,около,76aa633fcb2bec4e6b0852635a8af57c,15,55,True
8a0a638a-8a43-4573-9851-5b13cdb4bda7,позволить,08b8fc47e7a869751c13f64a922e6c15,67,127,True
ceb11925-38db-49b1-b3c1-a70de97fed2f,подруга,fc6e5caa3dc328e7558b072e6607e399,14,71,True
851573fa-92cb-4c4f-b22c-894de708525c,получить,fc6e5caa3dc328e7558b072e6607e399,10,58,True
259f8ed7-ac12-4554-a25b-ec40a9920ab7,остановить,52003757d6b63a3ee7a71f36f5a9a17b,24,73,True
7679ef36-0d5c-45f4-8fab-4444c6f92d9b,что-нибудь,e75f778bbca49e64fdfb582b30648ca9,6,57,True
9b949735-e6e7-4be4-ba39-09fe4dc65260,изучить,fc6e5caa3dc328e7558b072e6607e399,24,63,True
8773b01e-c7c7-4839-943e-ec2e5aca6290,теперь,ad71ee6996c897e759036b345d7b240e,27,61,True
b2a79efe-3a40-400e-85c8-8408f7e55a4f,терять,fb1007e5ffe149cc08bccaf8eda2ce31,32,88,True
dbcc5a39-8b34-4c08-a98f-7b30e9edcdf2,взять,c80b4e57f158f28299b2a89694c42329,37,84,True
a43ee0f9-677a-4cb9-9a36-a21257b77b48,замужем,c05c242d2524d1de48c68f1667cd7b6b,10,83,True
fb698c09-dfb3-4147-a914-469069b696e8,нам,e75f778bbca49e64fdfb582b30648ca9,6,37,True
48f04ee9-41dd-4c9b-8974-72fc41b43a9b,от,fb1007e5ffe149cc08bccaf8eda2ce31,36,97,True
dcd5ae83-ab22-430f-9796-65d90c31882c,тогда,fb1007e5ffe149cc08bccaf8eda2ce31,38,67,True
1fac3e1e-d06b-4465-8536-07670490896f,теперь,fb1007e5ffe149cc08bccaf8eda2ce31,35,70,True
872b950f-b83a-4c98-b514-d93b04800c45,показать,33b317c5a26046cafcd795a2fe4e919e,21,58,True
e35ba719-4086-41ce-bd78-9312d355b31c,проверить,52003757d6b63a3ee7a71f36f5a9a17b,9,56,True
536f17b8-bd70-4f71-bc3e-c8cc0ec6c3dd,вы,fb1007e5ffe149cc08bccaf8eda2ce31,19,65,True
8ee64555-9856-4dcc-9ffb-8b735881a33a,прийти,33b317c5a26046cafcd795a2fe4e919e,28,71,True
502da0fc-861b-402e-b8d6-8d93ba70bedb,наружу,33b317c5a26046cafcd795a2fe4e919e,29,69,True
d28ee37d-cffe-442f-a838-b0241c97ce19,прийти,fb1007e5ffe149cc08bccaf8eda2ce31,28,91,True
53a67050-54b8-4b2d-8372-786cf357c984,те,fb1007e5ffe149cc08bccaf8eda2ce31,28,55,True
8c4a7e4a-ea6c-4c0c-b3ac-2b4924607444,из-за,40ad51b49892dca94b905eca8926568a,7,121,True
57632060-c1db-4185-90ea-3b86b0b0487a,петь,fb1007e5ffe149cc08bccaf8eda2ce31,26,109,True
d451c9bc-58b6-45e7-a4ce-7e39d448b619,её,fb1007e5ffe149cc08bccaf8eda2ce31,31,88,True
5fd8cf91-10c1-4f76-a070-24956a9a4557,дать,e75f778bbca49e64fdfb582b30648ca9,18,54,True
fd3a4a54-6d26-46b7-b32a-6ac2d555a433,изучить,76aa633fcb2bec4e6b0852635a8af57c,9,65,True
dfd0da36-afc1-47d4-a636-d004deb7251b,остановить,40ad51b49892dca94b905eca8926568a,18,76,True
bbd6992f-9f04-471e-a9c5-c25230f3bb29,этот,194612f32f5297e4699c2c0beb9b336a,36,86,True
2980c719-305b-4610-8735-1c058c723355,нам,ad71ee6996c897e759036b345d7b240e,55,92,True
56118763-d790-42d8-976a-f76673825041,бы,20f1589682a8e64769ae2ebc21b5fb6b,22,90,True
5ead902c-0a46-4c8e-ac71-6c0ae6c64207,вас,ad71ee6996c897e759036b345d7b240e,26,64,True
e0be79f9-2fd7-4ce7-8555-559d21f41cd9,вы,ad71ee6996c897e759036b345d7b240e,47,81,True
e48b19e2-6919-4773-9a76-870e11620798,женат,fb1007e5ffe149cc08bccaf8eda2ce31,31,70,True
b54184bd-62b4-49c3-b9b7-0d52d46f6816,привезти,e75f778bbca49e64fdfb582b30648ca9,24,85,True
01693146-a070-40da-aa32-20d87175bc77,остановить,e4bd328bca8e6f51bd6f4f019692b666,7,61,True
18d1f00e-1100-492b-a143-f7360e026f56,наружу,e75f778bbca49e64fdfb582b30648ca9,34,79,True
ec07f4af-d367-49ce-b6b0-95eb60996aad,дать,76aa633fcb2bec4e6b0852635a8af57c,14,62,True
fb4d65b1-bcab-432b-bba0-fbc4ff9c7e22,прекрасный,76aa633fcb2bec4e6b0852635a8af57c,15,82,True
e4a2b9f8-8438-4ed0-8a91-b7ca72bfb16d,вас,e75f778bbca49e64fdfb582b30648ca9,4,35,True
f85e315d-1ce4-45f4-b73f-33ae78b8d581,позволить,76aa633fcb2bec4e6b0852635a8af57c,5,51,True
948a866c-4ef0-405e-a8d5-c2523a67718c,слишком,76aa633fcb2bec4e6b0852635a8af57c,17,67,True
04ee9eaf-138e-4dbb-988d-a1d5aaeea084,наверху,e75f778bbca49e64fdfb582b30648ca9,10,58,True
4d089ff2-e50b-4cb6-b609-a66a65b6f41b,замужем,e4bd328bca8e6f51bd6f4f019692b666,13,50,True
9df0e17f-d365-4712-9902-81b1d80638e8,остановить,b4e852a75cacf8642412dfc05e2126a3,15,100,True
04dddaa4-0d95-4a36-bff6-df631f50d7e4,эти,b4e852a75cacf8642412dfc05e2126a3,11,60,True
f3988b8d-bb9a-4a48-9fb6-dffe8ca98ec4,наружу,ad71ee6996c897e759036b345d7b240e,15,55,True
83994be5-2555-4fe5-8d85-dc4a2f7b3129,что-нибудь,e4bd328bca8e6f51bd6f4f019692b666,14,52,True
33aefaff-324b-4448-81e0-4754cf17b8d7,остановиться,b4e852a75cacf8642412dfc05e2126a3,23,98,True
34a834dd-5145-470d-864b-addc798cb657,замужем,4fe3e5fa6670788d04a086330994c231,11,49,True
5a1dd54f-c3be-4838-a9c1-06d3dd62c284,поздний,b4e852a75cacf8642412dfc05e2126a3,15,75,True
4985f55e-76aa-4b7f-9e79-ebf9b8b6cad9,остановиться,324cdee3d2550397efb761d8fff48139,11,81,True
753ddafe-b940-49b0-abea-a9b277523ce6,замужем,b4e852a75cacf8642412dfc05e2126a3,28,70,True
4d375829-d8b4-4fa5-8e95-c670d76dc0ab,всё,ad71ee6996c897e759036b345d7b240e,36,83,True
9c39f6ff-16b1-4e21-846f-c087fbebe78e,этот,40ad51b49892dca94b905eca8926568a,13,86,True
91213325-8b80-4417-bcd9-8816014bf744,следовало,40ad51b49892dca94b905eca8926568a,18,77,True
27e21254-2086-431f-bf5a-e109416dc9a8,подруга,b4e852a75cacf8642412dfc05e2126a3,10,52,True
1d66798e-527d-489f-8ea4-ecaa9a8bc1bf,подруга,324cdee3d2550397efb761d8fff48139,11,78,True
97c389fa-8751-4a50-8849-ccba5755a630,замужем,40ad51b49892dca94b905eca8926568a,9,64,True
25aabd2e-af12-48c6-a440-91eff2a3c5a6,изучить,b4e852a75cacf8642412dfc05e2126a3,14,55,True
63f8c2a3-95d5-4428-b582-e80e3c39107d,предложить,52003757d6b63a3ee7a71f36f5a9a17b,13,56,True
bec2058d-1cfa-4c16-8ac7-9957948b7739,над,fc6e5caa3dc328e7558b072e6607e399,22,70,True
9eb92ee2-961b-4501-a216-88abfa4d985d,минимум,fc6e5caa3dc328e7558b072e6607e399,20,61,True
c3616b75-1e26-4b24-a44d-f78c6b538646,предложить,324cdee3d2550397efb761d8fff48139,13,67,True
afe8de57-265c-4f99-95ad-3f1c45827e4c,ясный,fc6e5caa3dc328e7558b072e6607e399,17,74,True
1eef23f6-e22b-4686-b43c-8bc1f83fba8d,им,3ec3e73c6c82b3bf81555a099aa99cb8,8,59,True
bfe131c9-6415-4adc-9082-730035b5b744,остаться,fc6e5caa3dc328e7558b072e6607e399,15,55,True
386c5d3d-3cc1-4865-818f-26120fbef160,остановиться,3ec3e73c6c82b3bf81555a099aa99cb8,8,62,True
e0264b77-2e11-4e44-ba64-e544d553ee7d,от,b4e852a75cacf8642412dfc05e2126a3,5,50,True
ed169dab-a495-433a-955b-f837d57a34e2,прекрасный,b4e852a75cacf8642412dfc05e2126a3,12,75,True
aedbabac-a494-4734-a750-3eff4ecb3cbf,теперь,b4e852a75cacf8642412dfc05e2126a3,12,41,True
92446322-c058-4f0a-bda1-d2341298aaee,терять,fc6e5caa3dc328e7558b072e6607e399,12,43,True
0a04c0f6-48e0-43d5-9e64-d106441cab9e,терять,b4e852a75cacf8642412dfc05e2126a3,4,52,True
be78f328-03ae-435e-beee-3fd44888f40a,проверить,3ec3e73c6c82b3bf81555a099aa99cb8,4,58,True
89857cde-a1d0-451b-8e7f-1b7338cb5b24,позволить,b4e852a75cacf8642412dfc05e2126a3,18,62,True
63e42e2b-8366-4287-bed7-055e72ea47fc,вас,b4e852a75cacf8642412dfc05e2126a3,12,56,True
0e6ed2ad-8573-4973-82c2-b0be0905d08a,тогда,fc6e5caa3dc328e7558b072e6607e399,18,55,True
51ea2918-4b48-4d7b-85d5-e3c0df4d7e5f,ясный,3ec3e73c6c82b3bf81555a099aa99cb8,6,57,True
b9ffb4d8-c5d0-40b1-af35-ea4783a37589,от,fc6e5caa3dc328e7558b072e6607e399,21,66,True
4b1a3379-bc0d-40b3-aa99-097c9b8a5b60,что-нибудь,52003757d6b63a3ee7a71f36f5a9a17b,1,48,True
9a10c589-9bba-424c-82b0-4586f86a3c6a,петь,b4e852a75cacf8642412dfc05e2126a3,13,63,True
f19a4127-7154-40b8-b37e-a47fd7848251,остановить,185bd3a81d9d618518d10abebf0d17a8,14,86,True
045ae924-ffcc-4de7-aef6-6e90f90543e5,предложить,fc6e5caa3dc328e7558b072e6607e399,14,63,True
4fbe871d-eae0-4031-afc0-28681ae419fa,немедленно,185bd3a81d9d618518d10abebf0d17a8,12,57,True
3376ff0e-6924-46fa-9062-660d78d1f3b5,закончить,185bd3a81d9d618518d10abebf0d17a8,17,77,True
640fa9fd-e801-4f1a-83f2-960fc970e0ea,им,185bd3a81d9d618518d10abebf0d17a8,7,68,True
0ce27beb-7bbb-4280-8f3c-2d0c51ba0e57,те,b4e852a75cacf8642412dfc05e2126a3,10,54,True
9c947774-0a53-40e3-b02a-9f420235e91c,из-за,185bd3a81d9d618518d10abebf0d17a8,19,121,True
2c630f1a-e0f7-4d8f-bdab-82814ecc38a0,чудесный,185bd3a81d9d618518d10abebf0d17a8,14,61,True
5ac3d4d2-0285-4701-b248-5bffd3d8a526,позволить,52003757d6b63a3ee7a71f36f5a9a17b,20,67,True
d224441f-6df7-49cf-b597-8f77ede087a3,вы,52003757d6b63a3ee7a71f36f5a9a17b,7,48,True
011a0628-bc23-4248-aa7b-18207415b501,эти,185bd3a81d9d618518d10abebf0d17a8,18,66,True
5e19ee8c-8d71-4ea1-ab93-40140d2c41e8,бы,b4e852a75cacf8642412dfc05e2126a3,16,62,True
9dd4993d-faf4-444f-9f80-b7b78dd0ecd3,который,185bd3a81d9d618518d10abebf0d17a8,9,70,True
d6a79242-5f35-4970-8996-cc08a6b5f7b0,вам,b4e852a75cacf8642412dfc05e2126a3,10,44,True
a60ba3bb-c84e-4b11-ba8b-cff5f16cd680,этот,185bd3a81d9d618518d10abebf0d17a8,5,63,True
1b7a3c54-8f28-4e3e-9cc0-686d77d16f9e,женат,b4e852a75cacf8642412dfc05e2126a3,15,81,True
b2733938-664a-4c50-9e8c-937cc8912ef5,предложить,3ec3e73c6c82b3bf81555a099aa99cb8,14,57,True
fd1a525d-2be9-4ad0-908a-f659184176b0,вас,52003757d6b63a3ee7a71f36f5a9a17b,7,53,True
86f65324-e961-4a63-bb2b-b2633a18075a,показать,52003757d6b63a3ee7a71f36f5a9a17b,7,47,True
30e1a170-3a93-4a58-9f81-baf4dea98a10,поздний,185bd3a81d9d618518d10abebf0d17a8,14,63,True
c08fe4cb-b173-46d1-be62-2236b8247b85,следовало,185bd3a81d9d618518d10abebf0d17a8,7,62,True
21a09cb5-5de5-46d3-8853-88a6c9386a3f,остановиться,185bd3a81d9d618518d10abebf0d17a8,8,75,True
47b57a4b-9687-4134-b0bf-b704638c9ca3,наружу,52003757d6b63a3ee7a71f36f5a9a17b,1,54,True
c9a632ec-d91e-4b91-b2bc-05dd37cfa24d,нам,324cdee3d2550397efb761d8fff48139,16,62,True
d3d2bb25-1424-43a3-b3e1-102b511a0dad,бы,52003757d6b63a3ee7a71f36f5a9a17b,4,59,True
bb9c8b30-fcba-4f9b-85e2-7f5403f5e3cd,дать,324cdee3d2550397efb761d8fff48139,12,58,True
d1eeb0ed-7a8c-453b-ab21-a0f24042aef0,получить,185bd3a81d9d618518d10abebf0d17a8,9,60,True
4266cd94-7db8-46a1-9d1b-376ccd44c4ca,подруга,185bd3a81d9d618518d10abebf0d17a8,7,72,True
0a85c793-335b-47f3-998d-3e978c84f57e,прекрасный,324cdee3d2550397efb761d8fff48139,16,69,True
a8f22a75-67a7-4b4c-9942-a4894e7c8590,вас,324cdee3d2550397efb761d8fff48139,22,62,True
7a8837b4-d619-43fc-ba6d-772b1db6e39c,ясный,185bd3a81d9d618518d10abebf0d17a8,12,52,True
865e285f-43f5-47a5-ad05-b7023cec09a1,петь,324cdee3d2550397efb761d8fff48139,15,81,True
69ffdc29-2c84-4816-81cf-a659dc1721b8,слишком,324cdee3d2550397efb761d8fff48139,13,62,True
eff855f5-bbb6-44ec-a1c6-87e863cb27e3,следовало,cd2619b64656612f5177970fa8fadd0c,16,84,True
19ffc549-bca1-4ce4-96e7-06d9e4ec5215,изучить,185bd3a81d9d618518d10abebf0d17a8,11,52,True
6028222a-0f9c-4698-b317-07a9ac7d25c1,минимум,185bd3a81d9d618518d10abebf0d17a8,10,58,True
da4ce237-6ac6-47c6-b396-cc6ea9ae6006,проверить,cd2619b64656612f5177970fa8fadd0c,19,79,True
0b485a5f-a4eb-49db-9088-2d318869e25d,подруга,cd2619b64656612f5177970fa8fadd0c,30,99,True
5e2c7440-21e1-49e2-887a-422189de9796,терять,cd2619b64656612f5177970fa8fadd0c,15,47,True
3a140bd3-5a70-45a9-b35c-e7c5266e1ee0,изучить,40ad51b49892dca94b905eca8926568a,16,72,True
8f412e17-2ab6-4f6f-bd7f-3d22d0e4b897,предложить,40ad51b49892dca94b905eca8926568a,10,65,True
a3ea09f5-c9ba-4cb0-8723-25122b6e5664,от,40ad51b49892dca94b905eca8926568a,15,64,True
2a5c7b56-2868-4904-b61e-dfc675f74f6c,что-нибудь,40ad51b49892dca94b905eca8926568a,13,64,True
4f36674d-6d2e-4381-9e88-7e71a8bc6f13,петь,40ad51b49892dca94b905eca8926568a,7,71,True
85c7e684-31cb-4bbc-8d53-f9c057080c98,показать,40ad51b49892dca94b905eca8926568a,17,80,True
713b2b6e-fcb1-4032-87d2-a623c498637f,всё,40ad51b49892dca94b905eca8926568a,10,76,True
8a928039-0223-4bfd-8e72-0c10e6d25892,что-нибудь,3018b64d2c938f5b6a0826dfdf486f2c,22,87,True
915ebca2-fec0-492b-bbaa-53c2843d8a38,получить,48bc83c415e12683f469d16027829654,29,94,True
95ce8ef0-2816-43c3-b832-e5c5eb5f2063,вам,3018b64d2c938f5b6a0826dfdf486f2c,27,70,True
3ac15691-b9fd-4005-97cf-9ed1e684b556,наверху,3018b64d2c938f5b6a0826dfdf486f2c,22,84,True
b51023df-02f4-4a8a-81c0-d06b477966b4,подруга,48bc83c415e12683f469d16027829654,37,117,True
625ab3a0-88ab-4752-b6d4-e2fcad6897e3,изучить,48bc83c415e12683f469d16027829654,31,83,True
a53529c1-15cd-46aa-a2c9-296da223f89c,всё,3018b64d2c938f5b6a0826dfdf486f2c,28,79,True
57a85e0c-aede-44f6-b9c2-d5303961850e,ясный,48bc83c415e12683f469d16027829654,30,83,True
8a8cce88-cdbb-4066-83e4-92cc44479e5e,около,48bc83c415e12683f469d16027829654,30,78,True
a4aece1d-aecd-408a-817d-6f4bb524c650,вам,48bc83c415e12683f469d16027829654,24,67,True
2a9fd1f2-5d04-4ca9-9f48-efe721f74ba7,показать,48bc83c415e12683f469d16027829654,21,80,True
f6055dba-b6d1-4db5-958a-5b66feb29342,наверху,48bc83c415e12683f469d16027829654,20,68,True
4e270642-ffe7-4102-8297-683c159f00ec,наружу,48bc83c415e12683f469d16027829654,27,73,True
57b7e131-134e-4d32-a936-4433c49a6301,бы,48bc83c415e12683f469d16027829654,19,99,True
a7071517-9ebf-4471-b07a-a0b3e0a60043,дать,08b8fc47e7a869751c13f64a922e6c15,23,75,True
94e63a7a-a758-48c1-899d-84ec2a1e56db,вас,08b8fc47e7a869751c13f64a922e6c15,18,79,True
d11772e8-8bcf-4535-ae8e-983e395e2ab3,наверху,08b8fc47e7a869751c13f64a922e6c15,21,78,True
c2b64796-9b14-4672-ad4c-b6d08b8da532,петь,08b8fc47e7a869751c13f64a922e6c15,35,132,True
88c458b7-3d6f-47e1-904c-4954c2d1c2d2,показать,08b8fc47e7a869751c13f64a922e6c15,19,85,True
adb04fec-a2d7-419e-9079-75f45f57b527,замужем,185bd3a81d9d618518d10abebf0d17a8,15,78,True
6809fdfe-1f37-4c7e-9c55-594e6c17a72f,прийти,08b8fc47e7a869751c13f64a922e6c15,27,89,True
95d06b8b-c2ef-4e62-8b08-3eb2a5b5aad8,остаться,185bd3a81d9d618518d10abebf0d17a8,21,70,True
fa9ae3af-c36d-4eb6-a4d1-982486a05b0f,предложить,185bd3a81d9d618518d10abebf0d17a8,17,75,True
58787e55-92a3-45ec-9e5b-07b72df53ca9,от,185bd3a81d9d618518d10abebf0d17a8,11,63,True
aea5f919-64da-4c06-abf0-47724a769b9d,женат,08b8fc47e7a869751c13f64a922e6c15,7,61,True
29ed66ef-1ab3-45e9-95cd-27946c6b2558,около,185bd3a81d9d618518d10abebf0d17a8,11,58,True
e6700611-4b50-483e-845d-9950202a3aa9,терять,185bd3a81d9d618518d10abebf0d17a8,13,58,True
9152d6d4-802a-4cca-9a6a-568e18ba31bc,тогда,185bd3a81d9d618518d10abebf0d17a8,13,66,True
ac043d31-5ba1-4384-a6a0-fb0c72f55548,что-нибудь,185bd3a81d9d618518d10abebf0d17a8,13,72,True
8f01e1c9-4749-4a3a-bc6d-5ffed190fea7,взять,185bd3a81d9d618518d10abebf0d17a8,6,59,True
d208cfc6-2e00-4cee-98c5-cb694776a081,теперь,185bd3a81d9d618518d10abebf0d17a8,18,67,True
8eaf1348-6a3c-42e7-9484-5cdcfe6aed3d,нам,185bd3a81d9d618518d10abebf0d17a8,12,66,True
149c44a3-9e82-4638-8078-3fa1ca8f40d3,дать,185bd3a81d9d618518d10abebf0d17a8,21,75,True
e71e5467-c299-4d79-aba5-f992db32ff55,слишком,185bd3a81d9d618518d10abebf0d17a8,12,62,True
5b13296d-18d4-475f-a6ed-2497164c4ccd,прекрасный,185bd3a81d9d618518d10abebf0d17a8,6,46,True
616bd836-732f-4823-9f87-8adfd4fa69f0,привезти,185bd3a81d9d618518d10abebf0d17a8,13,67,True
fa8ca0fb-646e-4330-9c33-5a638a99c931,петь,185bd3a81d9d618518d10abebf0d17a8,8,95,True
872806df-aaa1-4758-b7d4-157176f70903,вам,185bd3a81d9d618518d10abebf0d17a8,7,50,True
217ccb4f-ff65-4d47-8f8b-dde65539aa12,вы,185bd3a81d9d618518d10abebf0d17a8,16,57,True
e86a6b14-103d-4899-ae09-65cc1775f47e,позволить,185bd3a81d9d618518d10abebf0d17a8,4,62,True
6dd361f7-a464-4c27-89c4-b4a86567310c,наружу,185bd3a81d9d618518d10abebf0d17a8,12,59,True
faf328fc-1f9c-4d49-a99d-7c144333b9e5,петь,e4bd328bca8e6f51bd6f4f019692b666,12,56,True
f92f0c09-5348-4a94-8674-903b59ce19f8,показать,185bd3a81d9d618518d10abebf0d17a8,7,65,True
5563cebf-59ce-43fc-839a-47c127f8d2fb,прийти,e4bd328bca8e6f51bd6f4f019692b666,16,57,True
7427588c-5b7c-4ead-ab29-2572548ba071,наверху,185bd3a81d9d618518d10abebf0d17a8,16,59,True
331be9d6-26a7-47d3-b65d-9466345d77fe,прийти,185bd3a81d9d618518d10abebf0d17a8,11,82,True
fefd8249-1e0f-4ac5-bd37-ce385b36a0ab,её,185bd3a81d9d618518d10abebf0d17a8,9,76,True
2d99aedb-ae6d-4974-b92b-bb2482f15e98,вас,185bd3a81d9d618518d10abebf0d17a8,18,60,True
c3c774fd-b264-44bf-b088-92280588c967,всё,185bd3a81d9d618518d10abebf0d17a8,14,65,True
595b7b7e-0d65-4de8-97a9-5e8298d2c7c6,те,185bd3a81d9d618518d10abebf0d17a8,7,64,True
ef99af31-7f9e-44a1-8431-7c567942ad56,женат,185bd3a81d9d618518d10abebf0d17a8,11,56,True
118819fa-6317-4040-9afc-b6ddadefc2df,остановить,2d84da20c251acaeb3186642fcb04f2e,8,57,True
1f7bd419-bbb9-402c-be89-a912a77fe9c7,эти,2d84da20c251acaeb3186642fcb04f2e,12,32,True
ac481cbc-a18b-4578-8af5-f976045ceccb,следовало,2d84da20c251acaeb3186642fcb04f2e,8,42,True
10e50797-f6a5-4c70-ad59-62342322de74,который,2d84da20c251acaeb3186642fcb04f2e,6,37,True
f16801a2-55e0-4ccc-8247-7f38daddaaa1,остановиться,2d84da20c251acaeb3186642fcb04f2e,18,61,True
919479d8-bfb4-45e8-8024-03e591e5e109,закончить,2d84da20c251acaeb3186642fcb04f2e,16,46,True
691e42d6-3ea1-4cde-bbb9-b18cc307c0c7,проверить,2d84da20c251acaeb3186642fcb04f2e,15,47,True
dd182691-b927-41d0-a1fb-d5865a768f41,поздний,2d84da20c251acaeb3186642fcb04f2e,8,35,True
4d418b37-807d-4c70-ae7f-6cb5b70ed1a2,получить,2d84da20c251acaeb3186642fcb04f2e,4,38,True
89758692-13ce-4179-99ed-b9a690733738,замужем,2d84da20c251acaeb3186642fcb04f2e,6,48,True
18e3e51f-7198-4927-ae09-398eef711abb,над,2d84da20c251acaeb3186642fcb04f2e,4,39,True
4e0a9ee5-d1ea-4089-a7c6-131aec236f4a,подруга,2d84da20c251acaeb3186642fcb04f2e,7,50,True
2785bdd9-c3cd-4d25-8c09-294bd537273b,те,324cdee3d2550397efb761d8fff48139,13,52,True
6f8da90e-746b-4d0f-a3f0-82088ddccfbc,этот,2d84da20c251acaeb3186642fcb04f2e,6,42,True
a33038cc-4873-4fc2-b60a-32c723795ded,ясный,2d84da20c251acaeb3186642fcb04f2e,8,38,True
fd3b668e-b76b-43bd-b05b-9bf950bd0686,тогда,2d84da20c251acaeb3186642fcb04f2e,26,54,True
37f07438-eda9-49e2-9916-2adcc0f6f1a1,остаться,2d84da20c251acaeb3186642fcb04f2e,13,47,True
86a15cd5-95a7-4e4b-8afc-a46ceb1f995f,минимум,2d84da20c251acaeb3186642fcb04f2e,7,42,True
92374cb0-c3eb-4256-aaa4-aa515c733e6e,предложить,2d84da20c251acaeb3186642fcb04f2e,4,31,True
2be0fd80-a9ce-46b9-9f11-391eab8bdd7e,всё,324cdee3d2550397efb761d8fff48139,14,68,True
29176501-6168-4e03-add7-ee63321be360,от,2d84da20c251acaeb3186642fcb04f2e,17,66,True
2585ae28-9eab-4dea-921a-f1f33a53d00c,теперь,2d84da20c251acaeb3186642fcb04f2e,8,36,True
1f21495c-0754-42ad-8a68-facd28e81ed4,прекрасный,2d84da20c251acaeb3186642fcb04f2e,5,36,True
856f73f5-ffd0-4546-9fae-2d96046b8ee1,терять,2d84da20c251acaeb3186642fcb04f2e,8,28,True
9eec3ffe-b4d8-41b0-acd0-b8381a905616,что-нибудь,2d84da20c251acaeb3186642fcb04f2e,7,42,True
96d42fb8-b5d1-4d4e-8303-a87915198848,около,2d84da20c251acaeb3186642fcb04f2e,12,41,True
027136cc-84b7-4ac9-b4a9-5507921bfb68,дать,2d84da20c251acaeb3186642fcb04f2e,3,28,True
cd0fef04-0dc7-4c4c-b665-caad17e5abab,позволить,2d84da20c251acaeb3186642fcb04f2e,8,28,True
09ac8452-9517-406e-bec9-cf00eea167d5,вас,2d84da20c251acaeb3186642fcb04f2e,8,34,True
6f326832-d8a9-4fbe-87e0-61a3f1c2a2eb,слишком,2d84da20c251acaeb3186642fcb04f2e,6,37,True
63e86e20-d1c5-425c-ad76-65afeb509168,взять,2d84da20c251acaeb3186642fcb04f2e,1,22,True
30f4c484-d242-490b-ba38-ca19884f36e4,нам,2d84da20c251acaeb3186642fcb04f2e,5,31,True
0ebae760-6455-434b-8d35-7e4d71866118,вам,2d84da20c251acaeb3186642fcb04f2e,8,52,True
dfa1e4eb-07a1-400d-abc3-5eb63fb58eb9,петь,2d84da20c251acaeb3186642fcb04f2e,7,61,True
e6376079-fe87-4052-abe2-c864318babfc,наружу,2d84da20c251acaeb3186642fcb04f2e,4,29,True
6f44cd4f-b318-4691-a3bb-816e523f2afb,наверху,2d84da20c251acaeb3186642fcb04f2e,11,32,True
e30d7ca4-4d6b-4cf1-8106-1bb22d16fe4f,вы,2d84da20c251acaeb3186642fcb04f2e,4,26,True
61f63699-e3d3-47cb-b96f-1060981193ce,привезти,2d84da20c251acaeb3186642fcb04f2e,3,44,True
5cd2510d-013f-4caf-958e-88e30c267edc,показать,2d84da20c251acaeb3186642fcb04f2e,5,33,True
f81bd998-6f64-4031-8063-621d1a465e9d,прийти,2d84da20c251acaeb3186642fcb04f2e,4,42,True
4937003f-d094-4b52-9374-1077c5f5ae99,те,2d84da20c251acaeb3186642fcb04f2e,1,32,True
8778eb4f-0f96-4142-8aa8-5161dc3916a9,бы,2d84da20c251acaeb3186642fcb04f2e,14,46,True
0c4f109d-f348-48ed-b953-f883d05ff10b,её,2d84da20c251acaeb3186642fcb04f2e,2,31,True
a2222f30-9197-4230-9193-a489247e6fb6,всё,2d84da20c251acaeb3186642fcb04f2e,11,43,True
27bd2232-61d6-4f5c-a0ba-2cac80dc2e0b,чудесный,b07a773bcb10b4f14f33d2b0e8ec58ba,45,89,True
43ebad6d-164b-4aef-aa32-b3908195f193,эти,b07a773bcb10b4f14f33d2b0e8ec58ba,32,82,True
6da4db59-620f-4b49-bd18-bfebe59a99f0,немедленно,b07a773bcb10b4f14f33d2b0e8ec58ba,21,63,True
ef060a74-23b6-4a9c-a0e6-cb265d77cdac,из-за,b07a773bcb10b4f14f33d2b0e8ec58ba,30,128,True
7ee00774-350c-4272-89b8-76972f20421a,который,b07a773bcb10b4f14f33d2b0e8ec58ba,67,125,True
317890bf-b47f-437e-bcc7-c06f31ceeebf,закончить,b07a773bcb10b4f14f33d2b0e8ec58ba,15,62,True
a382dbaa-34df-4d6b-afa0-dca602255bc6,им,b07a773bcb10b4f14f33d2b0e8ec58ba,61,115,True
b79e5693-3016-4d9b-b4d7-c69394d9ce4a,следовало,b07a773bcb10b4f14f33d2b0e8ec58ba,19,87,True
ae0135f1-3d53-4b20-94ce-00bb91139448,остановиться,b07a773bcb10b4f14f33d2b0e8ec58ba,21,110,True
b7c44889-8e64-4947-aec7-fee12becf116,поздний,b07a773bcb10b4f14f33d2b0e8ec58ba,51,99,True
0287d64d-22f9-48ad-ab59-be2d582e21c9,эти,a95892dae1d320bd8b08cbca6a127cd8,20,58,True
db27a5e7-8ee0-4fd5-ac42-23f8383d1304,этот,b07a773bcb10b4f14f33d2b0e8ec58ba,44,93,True
d6cca8d3-6a91-4420-b29a-30bd35c55942,получить,b07a773bcb10b4f14f33d2b0e8ec58ba,26,80,True
f476ece2-c558-4a0f-bce3-238fccd1ebf3,проверить,b07a773bcb10b4f14f33d2b0e8ec58ba,56,123,True
a93784d1-039c-4d05-b4c3-433bc404a9d7,над,b07a773bcb10b4f14f33d2b0e8ec58ba,26,86,True
1a1a627c-9293-4dd7-816a-5114878be97d,подруга,b07a773bcb10b4f14f33d2b0e8ec58ba,6,70,True
688f5ad6-2a31-4fac-8786-e606052fd7c0,ясный,b07a773bcb10b4f14f33d2b0e8ec58ba,29,97,True
0a1f0c48-85b9-404f-af23-e7e6b24a84e2,замужем,b07a773bcb10b4f14f33d2b0e8ec58ba,24,103,True
3989b2bb-a67f-4209-9a53-106a897a99b8,остаться,b07a773bcb10b4f14f33d2b0e8ec58ba,41,101,True
a8b1394e-86cb-4060-867b-9ab91fdfc291,минимум,b07a773bcb10b4f14f33d2b0e8ec58ba,32,88,True
e7c4f08b-816e-4202-9b8b-468d1af1ce32,тогда,b07a773bcb10b4f14f33d2b0e8ec58ba,59,114,True
345358df-29a0-4600-b4d7-6cf19af14f78,который,cbf0fba52a8a0d2750d36a25e246f19d,14,71,True
0459d811-1b1c-498a-a556-898916bd5840,изучить,b07a773bcb10b4f14f33d2b0e8ec58ba,23,82,True
4cf73bfd-fe9f-43fd-8a36-8d3e677f3b7c,терять,b07a773bcb10b4f14f33d2b0e8ec58ba,40,105,True
67d1afc2-7e95-48d4-b4cf-52a12ad57b44,следовало,cbf0fba52a8a0d2750d36a25e246f19d,27,85,True
3a8c7dc5-93ce-4ec0-a29e-ef6a9c287196,от,b07a773bcb10b4f14f33d2b0e8ec58ba,30,93,True
c60cdbb2-52bd-469a-97c3-2d74601fd30b,около,b07a773bcb10b4f14f33d2b0e8ec58ba,50,105,True
4c11aec1-c2f0-448e-8e02-e52799106b7e,получить,a95892dae1d320bd8b08cbca6a127cd8,9,53,True
b17ce13c-d604-467a-acf6-5b02ca24603e,теперь,b07a773bcb10b4f14f33d2b0e8ec58ba,29,90,True
713856bb-751c-4b0a-94bc-2a6a29b4887d,остановиться,cbf0fba52a8a0d2750d36a25e246f19d,7,64,True
ccda909f-87a6-4128-b781-977426e8d168,прекрасный,b07a773bcb10b4f14f33d2b0e8ec58ba,40,115,True
e77dede2-f46f-45b7-b757-7c4820646976,проверить,a95892dae1d320bd8b08cbca6a127cd8,3,48,True
e347b645-2884-44d3-9016-a26578f1810c,что-нибудь,b07a773bcb10b4f14f33d2b0e8ec58ba,60,120,True
f4278641-03e4-4e52-b4ad-839c2bfea7b0,предложить,b07a773bcb10b4f14f33d2b0e8ec58ba,51,108,True
cb0f5b13-7074-4138-b844-136dee1fb5ce,дать,b07a773bcb10b4f14f33d2b0e8ec58ba,36,86,True
f057a940-9e6b-4f00-a291-b9530fdc0aa8,позволить,b07a773bcb10b4f14f33d2b0e8ec58ba,20,79,True
d4e2f719-adb1-4f06-b6d0-b62c108ed636,вас,b07a773bcb10b4f14f33d2b0e8ec58ba,20,74,True
59265c6f-208a-47a0-914a-ac475934368d,нам,b07a773bcb10b4f14f33d2b0e8ec58ba,64,131,True
d1779e2e-3028-4683-b9f6-0272a64e2303,взять,b07a773bcb10b4f14f33d2b0e8ec58ba,34,86,True
951d91ec-f61e-49a6-8827-856665155d5e,петь,b07a773bcb10b4f14f33d2b0e8ec58ba,10,96,True
0f02000d-9557-4b85-9a36-9d82be638f99,наверху,b07a773bcb10b4f14f33d2b0e8ec58ba,34,74,True
96df511c-5edd-4814-95b0-c5fc38b10e26,вы,b07a773bcb10b4f14f33d2b0e8ec58ba,52,112,True
9efd047a-a258-47f2-8468-50271f523b77,наружу,b07a773bcb10b4f14f33d2b0e8ec58ba,36,89,True
de8ccfcd-466b-4389-abb1-f6ea9ab670ff,привезти,b07a773bcb10b4f14f33d2b0e8ec58ba,23,88,True
148a5f5f-28d3-4737-82fa-4f70a0d60dec,изучить,a95892dae1d320bd8b08cbca6a127cd8,1,32,True
e1cd88a8-a3e3-47cd-a283-7e1ad0b49911,прийти,b07a773bcb10b4f14f33d2b0e8ec58ba,30,96,True
4f409bcd-eedc-48a4-9ca6-70376c500f27,слишком,b07a773bcb10b4f14f33d2b0e8ec58ba,48,115,True
6c1c589c-98e9-45a4-b211-0228e35791d8,вам,b07a773bcb10b4f14f33d2b0e8ec58ba,18,59,True
737307e9-6cef-40f0-b968-ccdbdc8fcec3,показать,b07a773bcb10b4f14f33d2b0e8ec58ba,22,82,True
6fdfe119-2f5d-4a55-b2c1-f2633ebe3cf8,всё,b07a773bcb10b4f14f33d2b0e8ec58ba,25,84,True
162e2cfe-1a46-454a-858b-850a9643cbde,женат,b07a773bcb10b4f14f33d2b0e8ec58ba,47,95,True
d8983ce5-cd41-46ac-b579-4b6b167a2aa7,те,b07a773bcb10b4f14f33d2b0e8ec58ba,52,101,True
3abde1e7-d590-4686-942a-3f1e45697f84,бы,b07a773bcb10b4f14f33d2b0e8ec58ba,40,100,True
8ddc0f1c-5e1c-4c23-830f-421488775716,её,b07a773bcb10b4f14f33d2b0e8ec58ba,23,86,True
85ea6083-9201-49f2-b695-d89985f64763,поздний,96004c3e655c98e436ff552dbe51c3c8,14,65,True
5bbbde32-4cb3-4eb2-af11-790848ca7ec0,остановиться,96004c3e655c98e436ff552dbe51c3c8,23,111,True
8ada03a1-ae4b-4a7c-b5c6-a988e0ee0558,из-за,2987f0ebb62c980d913d2d9ad1acab1e,25,110,True
439a09f2-a615-48a5-9359-603479c73aa2,следовало,96004c3e655c98e436ff552dbe51c3c8,22,87,True
7c135ede-c8fa-41b6-8292-136c6b457c83,получить,96004c3e655c98e436ff552dbe51c3c8,30,91,True
2b92996d-ca88-414e-8f26-80d6afb73ce3,немедленно,2987f0ebb62c980d913d2d9ad1acab1e,17,47,True
56ca1de9-6c46-40dc-81c7-5b7b80e5de45,эти,2987f0ebb62c980d913d2d9ad1acab1e,19,62,True
35840d32-912d-4a8a-b6e2-1c4917ee550b,поздний,cbf0fba52a8a0d2750d36a25e246f19d,19,77,True
005a8d78-2e4f-405d-8573-53fad85ac8dd,над,96004c3e655c98e436ff552dbe51c3c8,7,75,True
4ed3d183-0f46-4655-8b1b-86a27101fb6f,который,2987f0ebb62c980d913d2d9ad1acab1e,27,68,True
6ca35e9c-9e2c-447e-9f42-7f2384038249,остаться,96004c3e655c98e436ff552dbe51c3c8,40,108,True
c6edb1d8-8e0e-4135-8639-a8e4b6a5d0e0,этот,cbf0fba52a8a0d2750d36a25e246f19d,5,47,True
1491e12c-a57a-45e8-9ecc-cf21507a0fc1,тогда,96004c3e655c98e436ff552dbe51c3c8,16,60,True
571e6946-d50a-4a80-96a2-58f225e3c001,этот,2987f0ebb62c980d913d2d9ad1acab1e,31,78,True
848ee51e-7139-42fa-a70b-7206dcd928e3,следовало,2987f0ebb62c980d913d2d9ad1acab1e,3,37,True
d1d60666-cb42-4a55-8044-bfb154cd73a3,нам,96004c3e655c98e436ff552dbe51c3c8,35,87,True
a918915b-782f-435b-8705-fa53df78b621,привезти,96004c3e655c98e436ff552dbe51c3c8,23,88,True
20782885-2608-4cd6-a28b-7309595d3b8e,вам,96004c3e655c98e436ff552dbe51c3c8,16,69,True
94c2524c-b15b-4d3f-bcf9-7f8840f310fc,вы,db573f94204e56e0cf3fc2ea000e5bdc,21,65,True
f3c838b1-c70b-4a10-9da9-979c30529fa3,вам,db573f94204e56e0cf3fc2ea000e5bdc,3,30,True
735ef179-e8c7-4a5a-9810-c1e2fe234939,прийти,db573f94204e56e0cf3fc2ea000e5bdc,3,49,True
a157860f-a667-477d-9287-81de33d513c9,слишком,db573f94204e56e0cf3fc2ea000e5bdc,0,51,True
220b3c75-1a66-4db9-9a65-1366890f9144,около,7c989fdb633be7453228f7c650097205,29,82,True
06409d2c-6b2e-4218-b679-0b5cb34947ed,следовало,7c989fdb633be7453228f7c650097205,17,61,True
6562cd92-2662-458e-b7d3-b38386b42b3d,остановиться,db573f94204e56e0cf3fc2ea000e5bdc,6,68,True
f7b486a4-6fe9-468d-9fd3-47a50bc108e8,прекрасный,185bd3a81d9d618518d10abebf0d17a8,23,76,True
a1a428c3-5ddd-4baa-9de5-723eb9fe3f00,мать,db573f94204e56e0cf3fc2ea000e5bdc,8,55,True
c4042ec8-a933-4396-8eea-c5edadb449fd,тогда,185bd3a81d9d618518d10abebf0d17a8,34,83,True
574f3732-266c-4383-8394-f23e3ecd72bb,около,9f9b13d8e63bd774b4ad1bd14f56147d,8,40,True
3e45dedd-757a-40a3-9e46-f6ec5f758701,терять,9f9b13d8e63bd774b4ad1bd14f56147d,10,43,True
b3c7f606-3007-4dc8-96f9-a6f4a5dce32f,над,db573f94204e56e0cf3fc2ea000e5bdc,0,59,True
faea4ea8-f890-48e8-87ed-699f646f1408,всё,db573f94204e56e0cf3fc2ea000e5bdc,0,50,True
908d0f48-9098-43da-b16f-0a05cf4a4259,показать,db573f94204e56e0cf3fc2ea000e5bdc,0,53,True
ae3f83dc-97eb-4fb5-9696-67a7d187c409,терять,db573f94204e56e0cf3fc2ea000e5bdc,0,59,True
b1947187-dc67-4b47-8f9e-f141db90b8b8,женат,db573f94204e56e0cf3fc2ea000e5bdc,0,42,True
36bfe541-0408-42df-a477-dc1826540e74,бы,db573f94204e56e0cf3fc2ea000e5bdc,5,52,True
2e960ab2-eab5-4b42-916e-54a49eb6bcef,привезти,db573f94204e56e0cf3fc2ea000e5bdc,16,88,True
9e8e1cfc-2f11-4658-9482-2daef12bf87d,мать,185bd3a81d9d618518d10abebf0d17a8,30,80,True
167baa72-9ac5-4381-941b-745f462ae304,над,185bd3a81d9d618518d10abebf0d17a8,40,102,True
cbcfade3-1875-4a2b-97cf-fab208575f4f,проверить,185bd3a81d9d618518d10abebf0d17a8,34,84,True
45e4ced8-8b47-4c2f-a936-29799c8910ed,который,185bd3a81d9d618518d10abebf0d17a8,25,91,True
586bc19e-f08d-4ebd-9ea9-2e1332709605,меня,185bd3a81d9d618518d10abebf0d17a8,30,62,True
82be7eee-cc72-49ad-9874-45c4c172ca05,этот,185bd3a81d9d618518d10abebf0d17a8,32,92,True
0a42bb8f-9a48-425d-a900-e4396cf41414,изучить,185bd3a81d9d618518d10abebf0d17a8,16,65,True
88a07740-9771-49fa-84d5-db5909142711,привезти,185bd3a81d9d618518d10abebf0d17a8,31,106,True
0d2fcb72-f847-49e3-ba99-c2eea6617f30,остановить,185bd3a81d9d618518d10abebf0d17a8,29,79,True
3ffac91c-ed0f-4b74-86b4-4c794ca935fb,наверху,0211b488644476dd0fec656ccb9b74fc,13,63,True
5798fe40-6f85-405e-ae7b-1cebd1c088c8,её,0211b488644476dd0fec656ccb9b74fc,18,59,True
47c9a7e3-9776-47c3-8551-9081097da98d,всё,0211b488644476dd0fec656ccb9b74fc,34,81,True
7b1cc16a-3b52-4a40-aee4-e801dd68be18,меня,0211b488644476dd0fec656ccb9b74fc,30,57,True
85c125b0-cb42-48b4-9f3a-9921ec6f7c47,закончить,0211b488644476dd0fec656ccb9b74fc,28,72,True
8be18724-8b23-4fef-bdc7-cf5997a6bf61,мать,0211b488644476dd0fec656ccb9b74fc,12,51,True
e6aa5a66-2280-435f-93a5-24359be7c902,подруга,46dd04a1caa75ed3082b573cb5a3ad26,6,60,True
38153f62-4706-40c8-a74c-4c0a615cb67a,вам,db573f94204e56e0cf3fc2ea000e5bdc,0,43,True
988a9542-455e-4dd0-aebd-d78f2cf7d27b,показать,db573f94204e56e0cf3fc2ea000e5bdc,0,65,True
e7cb1eb5-ae62-4250-b66f-3b5017c84f66,женат,db573f94204e56e0cf3fc2ea000e5bdc,5,52,True
4bba3d04-0a14-40fa-b00c-bee3fc87c0ce,около,db573f94204e56e0cf3fc2ea000e5bdc,1,53,True
3f3426b1-6b91-49dd-9853-6b4372ea3040,меня,db573f94204e56e0cf3fc2ea000e5bdc,4,42,True
a456001b-5894-466c-a4e2-0b44c76134fe,привезти,db573f94204e56e0cf3fc2ea000e5bdc,3,42,True
5d1c67bf-8fbf-468a-8cba-64644804e5c7,дать,db573f94204e56e0cf3fc2ea000e5bdc,6,63,True
1c75e335-3157-48e3-ad9c-d89f14c7b847,взять,db573f94204e56e0cf3fc2ea000e5bdc,14,61,True
7c3ebd1a-b149-4501-910b-3dc7bfafc7f0,от,db573f94204e56e0cf3fc2ea000e5bdc,3,38,True
dcf4b48c-85e2-4b58-b34d-0ee7ee2e17ba,позволить,185bd3a81d9d618518d10abebf0d17a8,16,42,True
deb9056a-dae2-45a1-980b-1bf77acb6d07,остановить,185bd3a81d9d618518d10abebf0d17a8,17,57,True
03a889b7-3ec3-47c1-a596-f6a8ee236639,получить,185bd3a81d9d618518d10abebf0d17a8,22,71,True
1a8e12b8-06b1-46a1-a370-2107682bbf41,замужем,185bd3a81d9d618518d10abebf0d17a8,26,71,True
862c1f07-a92b-4917-9bab-fda0e82325bc,закончить,0211b488644476dd0fec656ccb9b74fc,22,63,True
f970b24a-39a6-49f7-b4c1-2f10e1cb1343,остановить,0211b488644476dd0fec656ccb9b74fc,18,65,True
2973446a-7e5e-4664-9c3d-85ed4529a087,петь,0211b488644476dd0fec656ccb9b74fc,27,89,True
8d6d95a6-0d9b-4cdf-a808-042627c1092a,позволить,0211b488644476dd0fec656ccb9b74fc,12,51,True
87154a15-ff8a-4320-98d5-1543f2cdcd97,вы,0211b488644476dd0fec656ccb9b74fc,19,63,True
28108e90-ec77-4163-8ffa-aa82f3bc0c4a,подруга,0211b488644476dd0fec656ccb9b74fc,20,67,True
cab86513-b4a4-4535-acaf-084156d55f84,получить,0211b488644476dd0fec656ccb9b74fc,11,52,True
67d722bc-1c04-4468-87cf-382854cb894f,меня,0211b488644476dd0fec656ccb9b74fc,22,44,True
f19d0154-e048-4943-94ca-8e1c62f39e32,немедленно,0211b488644476dd0fec656ccb9b74fc,12,47,True
6bdcc035-a948-4dd2-809f-8a27e4aa7664,остановиться,0211b488644476dd0fec656ccb9b74fc,12,58,True
8e978761-2ddb-44ed-90f6-17cf701fb1b4,остаться,0211b488644476dd0fec656ccb9b74fc,20,58,True
3574083c-26e8-43bd-9d9e-1d3e619d2c13,ясный,0211b488644476dd0fec656ccb9b74fc,20,60,True
50f8d4f2-2eeb-4a64-9185-a87a7c2043d4,мать,0211b488644476dd0fec656ccb9b74fc,4,39,True
932812d8-d70d-4ef1-80e2-e3b6801537af,чудесный,0211b488644476dd0fec656ccb9b74fc,2,38,True
a4508378-702b-417b-96b6-1d66e4ea9487,от,0211b488644476dd0fec656ccb9b74fc,13,57,True
74d33ad8-6a6d-4acd-9b4b-11a765f465a3,поздний,0211b488644476dd0fec656ccb9b74fc,9,50,True
22f4ef1a-fcd5-426e-b1f8-030b77d9c10a,меня,185bd3a81d9d618518d10abebf0d17a8,23,64,True
bdcec6aa-c01b-4a3c-bbe8-4b014b41ee44,её,185bd3a81d9d618518d10abebf0d17a8,13,71,True
7889864a-3908-4ffa-974d-a59de8250b36,мать,185bd3a81d9d618518d10abebf0d17a8,20,67,True
ef2864c0-f3e8-4c77-af43-164119a6839f,остановиться,185bd3a81d9d618518d10abebf0d17a8,23,73,True
3c6a237b-e678-4468-aeea-e7da475b05f6,петь,185bd3a81d9d618518d10abebf0d17a8,24,82,True
34cf7fdb-b3e4-4b69-a9dd-dd55a533b608,тогда,185bd3a81d9d618518d10abebf0d17a8,24,69,True
c0da01e4-cd6b-4a7f-83d8-45206e81236b,остаться,185bd3a81d9d618518d10abebf0d17a8,20,61,True
90b5ebd2-3660-4af1-9b65-e8cea6104a42,минимум,185bd3a81d9d618518d10abebf0d17a8,20,72,True
3b478b5c-8eb4-462f-a429-e1c5c49e13bf,чудесный,185bd3a81d9d618518d10abebf0d17a8,23,68,True
07f41df9-9a4e-4e6b-adcf-59e23c709e6a,слишком,185bd3a81d9d618518d10abebf0d17a8,21,93,True
71c24ba0-d579-4c71-8e67-2134d7dc10d0,взять,185bd3a81d9d618518d10abebf0d17a8,33,87,True
35b5e088-4f3d-4a78-bedf-5c6aca4e9254,наружу,185bd3a81d9d618518d10abebf0d17a8,23,76,True
ad4b7c40-ead7-4716-99d7-ea5a9c447c9e,который,185bd3a81d9d618518d10abebf0d17a8,25,94,True
7c5558ea-cd67-4ff2-933d-0ce937324687,те,46dd04a1caa75ed3082b573cb5a3ad26,8,34,True
49036db9-b0da-4efe-ba16-a846dabe367b,закончить,53c3af7712ee8220b2faed1a55a82eca,35,67,True
90ef4c90-675e-4be4-a59e-fa93cafd0f3c,позволить,53c3af7712ee8220b2faed1a55a82eca,28,61,True
ad9c1ba8-dfca-4f89-8225-bdb10727482f,около,53c3af7712ee8220b2faed1a55a82eca,23,62,True
09cd0659-5272-4a3f-812b-8158c808724a,мать,53c3af7712ee8220b2faed1a55a82eca,23,71,True
2fbbc9b6-a39a-4b47-baf5-d1904dd5543d,меня,53c3af7712ee8220b2faed1a55a82eca,25,58,True
3d5524bb-4f23-473d-8bdd-d3dea97cf9b5,остаться,53c3af7712ee8220b2faed1a55a82eca,35,69,True
d08da312-16fd-4958-9b45-b3745e766510,взять,53c3af7712ee8220b2faed1a55a82eca,25,57,True
9bcffc0d-72d4-47e3-8562-4b4b9e7bc4cf,который,53c3af7712ee8220b2faed1a55a82eca,33,78,True
8c1a7f26-480c-4108-90ed-221586015d7b,меня,2d84da20c251acaeb3186642fcb04f2e,27,53,True
842361e8-81d7-4f8f-85cd-6965dac6cc15,позволить,2d84da20c251acaeb3186642fcb04f2e,16,37,True
5290f49b-72ee-48c0-8c86-e8e8c5440215,мать,2d84da20c251acaeb3186642fcb04f2e,8,33,True
c2384e60-31dd-4ee0-be20-c5e8ae5e4053,над,f5b82a9c82f6d870ec253e4c3fa96d83,20,79,True
98c7f051-5179-4684-932a-4e022c1387ff,женат,f5b82a9c82f6d870ec253e4c3fa96d83,10,84,True
803736dc-6140-46ef-80f6-a0c62451f150,получить,b07a773bcb10b4f14f33d2b0e8ec58ba,30,73,True
08a00a50-09f9-4b86-a3d1-ac2ee3c2a8f2,меня,46dd04a1caa75ed3082b573cb5a3ad26,5,30,True
d47688bb-be1c-479e-bf87-11d568b0cfa4,мать,46dd04a1caa75ed3082b573cb5a3ad26,8,35,True
a37fa0eb-4763-496e-87fe-81ac89759fcd,те,95af8e702c909eee7145c6dc1a3d756b,4,39,True
0bd2938f-9746-48b7-b5c9-da692b7acc2e,проверить,46dd04a1caa75ed3082b573cb5a3ad26,7,41,True
ef2a4053-9d15-468d-8445-8bbcbf00108f,меня,95af8e702c909eee7145c6dc1a3d756b,4,45,True
5d252814-e7f4-419f-ab70-07c5b99b9f8d,мать,95af8e702c909eee7145c6dc1a3d756b,1,40,True
06e2df87-e8d3-4cb7-88c2-fae9db25e913,остаться,95af8e702c909eee7145c6dc1a3d756b,9,54,True
b0e979e0-4bbf-4b7d-8a29-a5afbc5bb3c4,от,95af8e702c909eee7145c6dc1a3d756b,13,41,True
fcc1a867-0dde-4bb9-922b-615cb3acea60,бы,95af8e702c909eee7145c6dc1a3d756b,12,54,True
c45955f7-3468-4cd9-8c67-abdacb1f4d06,вы,f5b82a9c82f6d870ec253e4c3fa96d83,0,43,True
6e52da31-cc89-4a98-a50e-84bec50a5f18,около,f5b82a9c82f6d870ec253e4c3fa96d83,16,66,True
c071147e-22bf-4daf-9ee8-4ff288726b6f,прекрасный,46dd04a1caa75ed3082b573cb5a3ad26,0,25,True
c47992f9-12ec-419c-9c7b-2283f7457c49,ясный,46dd04a1caa75ed3082b573cb5a3ad26,10,54,True
1e0fbf1b-a245-456c-aef4-db009e07a72a,взять,2d84da20c251acaeb3186642fcb04f2e,0,24,True
b8112454-b5ec-4727-9aa3-355a54fea32a,прекрасный,2d84da20c251acaeb3186642fcb04f2e,0,26,True
941281f4-d1af-4fb8-88a1-c131caf200b1,от,46dd04a1caa75ed3082b573cb5a3ad26,2,35,True
9405f9eb-9d39-4625-802b-9625905488b7,наружу,46dd04a1caa75ed3082b573cb5a3ad26,3,29,True
5c556026-700b-466e-bb20-749170c70da5,бы,46dd04a1caa75ed3082b573cb5a3ad26,0,55,True
6b14ecc5-efe5-4811-861c-32ff48eb2a2f,поздний,46dd04a1caa75ed3082b573cb5a3ad26,5,36,True
69b35470-cdf6-428b-950b-39fcd067c204,чудесный,46dd04a1caa75ed3082b573cb5a3ad26,4,31,True
8bf1b92a-540b-4b73-8847-aff6055d26f6,терять,b07a773bcb10b4f14f33d2b0e8ec58ba,57,86,True
c50b7cd6-a2b2-44aa-9941-db56579e450f,меня,b07a773bcb10b4f14f33d2b0e8ec58ba,12,46,True
ec3f239a-3df2-4fe4-a899-91d2fbf1e942,предложить,b07a773bcb10b4f14f33d2b0e8ec58ba,70,117,True
192a4cd6-9468-45bb-8159-00c1ac57e305,над,b07a773bcb10b4f14f33d2b0e8ec58ba,27,71,True
1fd59612-a838-42df-92ca-3f373067951c,дать,b07a773bcb10b4f14f33d2b0e8ec58ba,65,107,True
cfa92dd2-6667-4922-9537-d99cf78b18fa,от,b07a773bcb10b4f14f33d2b0e8ec58ba,59,108,True
085f7e5f-11f2-412d-a8f1-f1d9bcd1b455,привезти,f5b82a9c82f6d870ec253e4c3fa96d83,21,91,True
bdbdddf8-56cb-4bf2-9c28-e65a3993c18d,мать,a95892dae1d320bd8b08cbca6a127cd8,12,58,True
cacdb030-abcf-4132-9a2b-4da08b91b49c,остановить,b07a773bcb10b4f14f33d2b0e8ec58ba,30,93,True
2dd75441-bc56-4e27-aea0-bc50813279e6,женат,b07a773bcb10b4f14f33d2b0e8ec58ba,52,111,True
df16b6aa-ba4d-4740-8e3e-ee9fa2cc5f6f,получить,fc6e5caa3dc328e7558b072e6607e399,14,64,True
d8b054c0-0d6b-4b04-a581-22fab8b58895,меня,fc6e5caa3dc328e7558b072e6607e399,8,54,True
d009439d-ee77-4f25-97b6-4e86f9fc4f76,её,fc6e5caa3dc328e7558b072e6607e399,13,71,True
9df88618-6cb3-41c5-ad94-86310dd1090b,мать,fc6e5caa3dc328e7558b072e6607e399,11,48,True
9ca4a47b-7dbd-4bbc-b8fd-721e2b82113b,проверить,fc6e5caa3dc328e7558b072e6607e399,10,70,True
8200f483-5af3-4141-8934-7cf2ee92ce7c,закончить,4299b8ccf39ace57287b463fbe4a489b,98,132,True
0d9df12a-f508-44ad-9b78-2cd8d0842fd2,женат,4299b8ccf39ace57287b463fbe4a489b,31,69,True
8f68a301-c95f-4862-8404-98e1607f1d3c,меня,e4bd328bca8e6f51bd6f4f019692b666,6,30,True
f580a638-00b8-4db5-b43d-b16e2182afff,мать,e4bd328bca8e6f51bd6f4f019692b666,6,42,True
941c431e-abe8-41f3-94a0-6875fc9e2f68,те,3018b64d2c938f5b6a0826dfdf486f2c,30,71,True
c18d6f68-30b1-495b-a2a2-9e04b3379db6,женат,3018b64d2c938f5b6a0826dfdf486f2c,67,125,True
52485f41-8f7d-407b-b24b-69c244c681cc,мать,12c7911f38c7113ce13c71dbd785ce22,21,67,True
29fbe345-147a-4800-96e8-e1cba3e3014f,её,12c7911f38c7113ce13c71dbd785ce22,23,60,True
18ee117d-7377-4b3e-8754-2e074fa9ea21,меня,f2dc6eab563f93d86629c1cfe479f09d,18,49,True
63acc748-8898-40b5-acfe-c2da481a1215,мать,f2dc6eab563f93d86629c1cfe479f09d,18,55,True
0eaa9058-ecf9-4b84-961b-ae7ddf886507,наверху,e4bd328bca8e6f51bd6f4f019692b666,13,45,True
47c83c20-62dd-4803-8c12-225d6e1732a9,меня,4299b8ccf39ace57287b463fbe4a489b,26,62,True
534714ec-166f-431c-83c6-d915fec58d25,тогда,4299b8ccf39ace57287b463fbe4a489b,36,65,True
fd4a66e4-2e51-4386-bf11-54e8812e1826,те,c80b4e57f158f28299b2a89694c42329,16,49,True
6c9b9bdc-02c7-48e9-80db-ddb8e44a6d49,меня,c80b4e57f158f28299b2a89694c42329,40,91,True
12a29114-d863-4985-92ed-19adae51cb74,из-за,20f1589682a8e64769ae2ebc21b5fb6b,15,113,True
0b20996d-d531-48df-b3f5-9677f475db28,мать,4299b8ccf39ace57287b463fbe4a489b,19,54,True
7be6cfb4-ff32-4291-b116-5a73740e0d1e,дать,4299b8ccf39ace57287b463fbe4a489b,43,81,True
e45aa926-abe6-4e35-9df4-e3ccea7dd256,наверху,20f1589682a8e64769ae2ebc21b5fb6b,31,96,True
af8ffcc0-b79e-4db9-bf90-a28eeba2b034,прекрасный,20f1589682a8e64769ae2ebc21b5fb6b,13,62,True
ed6b6487-66da-4d23-bcd9-66b7714043ab,бы,185bd3a81d9d618518d10abebf0d17a8,6,85,True
32d5614e-5543-49a0-ac33-3e2c07c7b56d,петь,fc6e5caa3dc328e7558b072e6607e399,6,53,True
0e225abb-e6ae-45ed-ad8a-d001231c48ec,этот,9a0784a99ea13a8b06cb103c2c8c7f0f,23,92,True
22b047a1-6567-4b47-96b3-d4c4eb47cbef,ясный,9a0784a99ea13a8b06cb103c2c8c7f0f,17,49,True
2c78bbd6-345d-45e6-a0c7-7ae91c2fa9b1,вам,ca6b767f0cccf093ba737ae2fc4fec3d,13,44,True
ab80299d-cdd1-4e6f-a425-6e783f577971,тогда,ca6b767f0cccf093ba737ae2fc4fec3d,7,37,True
497780d6-379c-498a-a592-e75978e990d9,слишком,fc6e5caa3dc328e7558b072e6607e399,11,63,True
4fda2540-51fd-47f0-bbcd-02dfccd35bb5,поздний,fc6e5caa3dc328e7558b072e6607e399,13,55,True
d571ed86-9629-4c19-8490-9f1268af99ac,наружу,fc6e5caa3dc328e7558b072e6607e399,14,51,True
f16bcadb-73f0-4028-97ae-edf665e07356,подруга,92c73dfa328525ab086ae872d6614f14,0,47,True
d83e0afd-6aa9-482d-897f-134eee9ca43c,над,68f27043789bb049757486b0ed1cbaab,57,110,True
ba0f8753-d4a6-4809-b3d0-e20abae6c6aa,предложить тост,0df9d6e419cb18069e696edaa170ba87,34,113,False
30261e12-81fd-4655-992b-c6ca40de59cd,лить,d2b4042ec6d8505a41b809e64d5adb7c,15,54,False
ee9eb191-8ce5-453a-b9f6-9634a9feb2e3,жадно есть,d2b4042ec6d8505a41b809e64d5adb7c,0,35,False
bd9e3144-993d-4dd4-b421-c2a4f7a0b362,помощник повара,d2b4042ec6d8505a41b809e64d5adb7c,3,54,False
08ba3f14-0d22-4c96-9e66-d1fed7226b09,MakDonalds,d2b4042ec6d8505a41b809e64d5adb7c,3,35,False
c6a3ace1-9de7-4e05-bb2f-db6d3ec0eaa2,откупоривать,d2b4042ec6d8505a41b809e64d5adb7c,12,54,False
5ed3c511-5900-4f8c-ab1c-b10ae77f3daa,аллергия на еду,d2b4042ec6d8505a41b809e64d5adb7c,0,36,False
036ee66a-09c2-48ec-8f8e-1ed3ef5178fb,"нежный, мягкий",d2b4042ec6d8505a41b809e64d5adb7c,9,44,False
ecd24a80-2d61-4e69-a623-aaf9f74fa397,жевать,9a0784a99ea13a8b06cb103c2c8c7f0f,22,91,False
d9a09705-6d79-4bf4-a980-739aa38e2773,вкус,d2b4042ec6d8505a41b809e64d5adb7c,6,47,False
0663518e-0b52-4186-957f-1fb7495072eb,заказывать,d2b4042ec6d8505a41b809e64d5adb7c,5,35,False
ca0aa0c9-5d37-4585-9f92-d0dc65cae84f,глотать,d2b4042ec6d8505a41b809e64d5adb7c,20,45,False
b412ca61-2d1d-4f65-b298-2b76362a88bb,банкет,d2b4042ec6d8505a41b809e64d5adb7c,31,67,False
c50a137c-6638-4798-bf4b-79caa0730cc7,вилка,d2b4042ec6d8505a41b809e64d5adb7c,11,42,False
14a5be41-ece1-4992-8bb1-a73efb7f1879,кормить,76aa633fcb2bec4e6b0852635a8af57c,60,100,False
7750186b-035d-4c85-8c81-01096d93046c,лить,08a11cc9175fc17cce738a504a0325f3,50,94,False
9ece7f4d-b3df-4c96-a3c0-c24e36c6b836,мужской туалет,d2b4042ec6d8505a41b809e64d5adb7c,0,35,False
7c4f4a85-7e0b-4bc1-9b40-b65b4b3aac51,повар,d2b4042ec6d8505a41b809e64d5adb7c,11,65,False
3dcb8c55-1b26-488a-89f4-f2dbb3e462e9,кормить,ca6b767f0cccf093ba737ae2fc4fec3d,0,43,False
574666dd-aac3-470e-9979-655f43bedf1f,прием пищи,ca6b767f0cccf093ba737ae2fc4fec3d,21,47,False
f7b9b6ef-a916-49ed-bced-4efa5973988e,прием пищи,53c3af7712ee8220b2faed1a55a82eca,17,51,False
a94a5d53-d9fb-4de6-a7cf-afc513ccc8ae,предложить тост,53c3af7712ee8220b2faed1a55a82eca,31,76,False
372ac9f9-8fe5-40fb-9176-d45d2b2be49d,женский туалет,53c3af7712ee8220b2faed1a55a82eca,30,79,False
9073f251-3e45-4ff4-8dec-eab2d05ec501,переваривать,53c3af7712ee8220b2faed1a55a82eca,18,91,False
f4fdb88e-6c5f-4d82-b8c4-add8c9b2c567,помощник повара,53c3af7712ee8220b2faed1a55a82eca,26,76,False
b76621c2-45ac-41d3-b0f1-ba9341aa1cf7,жадно есть,53c3af7712ee8220b2faed1a55a82eca,27,77,False
a3ff0785-3596-479f-8bc6-2e7d8bc704dd,мужской туалет,53c3af7712ee8220b2faed1a55a82eca,26,77,False
db3542d8-d7ba-41d7-852e-2029aa2e5ac2,лить,53c3af7712ee8220b2faed1a55a82eca,28,58,False
ed7a3549-a46f-4939-bf9f-20db3b5ac88e,кусать,53c3af7712ee8220b2faed1a55a82eca,28,57,False
d63ac712-8fd4-4b54-9213-ee6918dac611,кусок; тонкими слоями,53c3af7712ee8220b2faed1a55a82eca,27,93,False
c8e51f9b-f4ab-4cbc-bc17-b4535c9621df,кафе,53c3af7712ee8220b2faed1a55a82eca,22,48,False
df4efeb0-da40-4350-aff1-8a94e59e883b,ресторан,53c3af7712ee8220b2faed1a55a82eca,26,57,False
93b6c1ef-62a4-492c-b612-e846a721744b,вилка,53c3af7712ee8220b2faed1a55a82eca,15,55,False
aad53b8b-d2be-4930-9947-6e53de8b295d,ароматный,53c3af7712ee8220b2faed1a55a82eca,17,79,False
33833c9a-26c7-46a7-89c2-778623fa9876,переваривание,53c3af7712ee8220b2faed1a55a82eca,14,71,False
1f254400-90a4-4b51-88a4-275238c01c7e,диета,53c3af7712ee8220b2faed1a55a82eca,24,59,False
edb2a32c-91c7-4d20-b181-ba5d40fb071a,питьевая вода,53c3af7712ee8220b2faed1a55a82eca,19,48,False
e38ea70e-a74b-4b0b-b995-e831a1950d6f,кружка,53c3af7712ee8220b2faed1a55a82eca,31,71,False
c6ab6954-de0e-4eff-b5cf-3233bccd20a0,кувшин,53c3af7712ee8220b2faed1a55a82eca,24,56,False
9c7d1a57-0f24-46fa-92fb-2e700fd3be50,закуска перед едой,f2dc6eab563f93d86629c1cfe479f09d,24,62,False
8ebf871b-d51b-4f08-ad6a-898c4a65745f,ресторан,f2dc6eab563f93d86629c1cfe479f09d,7,39,False
83296844-307d-4b1e-a59f-cd84e6d03314,кафетерий,f2dc6eab563f93d86629c1cfe479f09d,16,49,False
57e14e13-e7c3-4dc7-81be-a89011a64286,официант,f2dc6eab563f93d86629c1cfe479f09d,10,63,False
e879ced1-2f5a-4b59-b2d9-f0e6fb12bdf2,питьевая вода,f2dc6eab563f93d86629c1cfe479f09d,12,53,False
334930aa-72dc-488a-ae44-61f41d9b099c,бутылка,4d26ad833542291c50de9ce88fb4f64a,11,88,False
59e420a9-328a-438b-ba4d-a32b2c20fb5f,женский туалет,3dd2ce2659aada17b976390004ebe322,14,73,False
450e583a-c9a9-4f29-904c-2a981f40ebd6,повар,3dd2ce2659aada17b976390004ebe322,39,94,False
be2c8f9b-363b-4763-ade9-46db9a9d03f1,жевать,4d26ad833542291c50de9ce88fb4f64a,18,74,False
eede4523-33ff-490b-b825-a56eeccca1ba,резервирование; бронирование,ca6b767f0cccf093ba737ae2fc4fec3d,4,53,False
b7cb9452-ba48-49e3-8b79-e5b63a6992b0,вкус,ca6b767f0cccf093ba737ae2fc4fec3d,5,44,False
9a00d666-b5b2-4859-bdc5-99317d4afe39,обедать,ca6b767f0cccf093ba737ae2fc4fec3d,8,42,False
8ce069cf-bd74-48ce-bac5-0700ceee79bf,вкусный,9d8e97b96dd58bdf15869b62535c7451,34,64,False
f2e01574-7410-4ce9-b22b-fe4c1ab2bd4a,жадно есть,4d26ad833542291c50de9ce88fb4f64a,7,71,False
7c859730-0fd9-468b-8ff7-1f62c94b9cbc,окунать,9aa7e7c54814e846453b15add11acbb6,12,60,False
15a17a0c-3026-4353-ae38-9690cf735ef3,вкусный,a2831ac841c337c541b9f89d169ec69b,26,73,False
79095e5b-1e70-457f-9d52-670e20630d9e,прием пищи,a2831ac841c337c541b9f89d169ec69b,34,97,False
bf24eb36-efb2-492b-8220-b4ac9dadc824,мужской туалет,a2831ac841c337c541b9f89d169ec69b,19,76,False
1c33fbe4-936f-4497-a4a6-d58d831cbd6a,кубок,a2831ac841c337c541b9f89d169ec69b,15,100,False
d32d2069-1e8e-4ca3-bb89-32b4a1937011,резервирование; бронирование,a2831ac841c337c541b9f89d169ec69b,38,110,False
0799bb69-bd02-46ab-a40f-3cfe9014d725,глотать,a2831ac841c337c541b9f89d169ec69b,8,48,False
bce1e408-a0c6-486a-b5e0-6f195b08d95b,"нежный, мягкий",a2831ac841c337c541b9f89d169ec69b,17,81,False
2e9fcd0c-0260-43a8-a9e2-8a89af31a655,ароматный,a2831ac841c337c541b9f89d169ec69b,29,97,False
56e1cfcf-5270-4d81-98f2-5b36eae60ea8,обедать,a2831ac841c337c541b9f89d169ec69b,27,81,False
5c8952c7-a919-4621-8d6b-90f96d0297e9,делать мелкий глоток,a2831ac841c337c541b9f89d169ec69b,30,89,False
528e44b1-ee78-4950-a69b-c83edd59e689,ресторан,a2831ac841c337c541b9f89d169ec69b,21,80,False
43197699-2a23-430a-b9f1-1823c994a129,вкус,a2831ac841c337c541b9f89d169ec69b,32,77,False
543656b1-40ba-4228-a988-1c7e3a961850,официант,a2831ac841c337c541b9f89d169ec69b,12,88,False
9e53832d-7e89-46e1-be99-aed17147f41b,повар,a2831ac841c337c541b9f89d169ec69b,26,115,False
9da852db-f9a7-4611-82f5-08274d60d1f8,переваривание,a2831ac841c337c541b9f89d169ec69b,26,107,False
417fcd0e-1ddc-4503-a20c-d5f1f21d54dd,закуска перед едой,e4bd328bca8e6f51bd6f4f019692b666,0,45,False
2f5d4a73-78a4-41f8-af51-0a060cab9f43,окунать,e4bd328bca8e6f51bd6f4f019692b666,1,40,False
039e6a02-735b-4163-b23c-7a8322208b22,кафе,e4bd328bca8e6f51bd6f4f019692b666,8,34,False
3fea33f1-4da9-4758-b712-f48f9a7ae0ac,переваривать,12c7911f38c7113ce13c71dbd785ce22,9,79,False
ae28a2a0-e029-46e2-be88-0b3c1d45b478,лить,12c7911f38c7113ce13c71dbd785ce22,14,57,False
bf60054a-4f83-41d7-917c-f860450ae1c5,жевать,12c7911f38c7113ce13c71dbd785ce22,5,44,False
8ea56bd8-d85d-4ea9-acfc-4b4f692aab39,аппетит,12c7911f38c7113ce13c71dbd785ce22,21,74,False
98c38201-57bb-4eec-ac49-c0ca9a5715f0,мужской туалет,12c7911f38c7113ce13c71dbd785ce22,32,84,False
d0f1b91a-8c23-47ed-afc0-cc1242b0bd78,резервирование; бронирование,12c7911f38c7113ce13c71dbd785ce22,33,84,False
c82ec70b-6839-4a71-8d28-134d94331f06,кусок; тонкими слоями,a2831ac841c337c541b9f89d169ec69b,24,124,False
17bd3f2c-5c2a-4860-9c19-1a1247a54d82,бутылка,e4bd328bca8e6f51bd6f4f019692b666,1,49,False
3d9ffa25-0346-48b4-afc4-16978ff66cfa,MakDonalds,e4bd328bca8e6f51bd6f4f019692b666,6,45,False
6443ed03-ca24-4ba6-97b1-b86b19d3b2fa,переваривать,e4bd328bca8e6f51bd6f4f019692b666,0,72,False
ffeea7d5-6891-4f43-82e6-6df1b921087c,помощник повара,e4bd328bca8e6f51bd6f4f019692b666,2,77,False
c35799d4-f27e-4fc1-b1bd-49f3d7ad19c6,кусок; тонкими слоями,e4bd328bca8e6f51bd6f4f019692b666,6,79,False
dcff04e4-40d9-4ce0-8034-b802e58325c1,аллергия на еду,e4bd328bca8e6f51bd6f4f019692b666,15,67,False
0751408d-a4d6-45c8-b82e-052084db86a6,кусать,e4bd328bca8e6f51bd6f4f019692b666,5,42,False
0fb8ad3e-bb08-4db6-9b24-7c7f764f9cab,заварочный чайник,e4bd328bca8e6f51bd6f4f019692b666,26,72,False
fe4f4b56-65cc-4015-9196-ee5b950ee7b9,жадно есть,e4bd328bca8e6f51bd6f4f019692b666,1,48,False
e48b264a-ae80-40b9-924e-251829295104,диета,e4bd328bca8e6f51bd6f4f019692b666,9,52,False
7f5b8352-d8cc-4275-adf5-e70ceb93fb28,ароматный,e4bd328bca8e6f51bd6f4f019692b666,9,60,False
fa499ea6-5161-4ecf-970d-cb321d147f25,переваривание,e4bd328bca8e6f51bd6f4f019692b666,0,46,False
98714500-4061-46a1-88f2-c408d4424e8a,ресторан,e4bd328bca8e6f51bd6f4f019692b666,2,33,False
901275c8-c1d0-4660-91b2-4feff2e76f8b,кружка,e4bd328bca8e6f51bd6f4f019692b666,4,58,False
7fec6dcc-2a78-4d4c-ad31-c3b219eda9bc,питьевая вода,e4bd328bca8e6f51bd6f4f019692b666,1,35,False
e219bd5e-1a46-47cf-b439-1622bbb02b8c,кафе,798aa826b6129d33f72f62d4ba60b681,13,57,False
d3378bd2-3489-4cd8-8834-3f02755f4fc8,женский туалет,798aa826b6129d33f72f62d4ba60b681,47,110,False
9039aa4d-0124-4e3d-b142-b1ca3b681ac4,окунать,4299b8ccf39ace57287b463fbe4a489b,40,94,False
44799468-e014-4023-90e2-0c6cbba642d1,бутылка,4299b8ccf39ace57287b463fbe4a489b,24,72,False
b1b1d3e8-33ab-4573-a39f-ffc091d2aa69,аппетит,798aa826b6129d33f72f62d4ba60b681,11,70,False
b4a85d8a-0a04-4157-96e5-a4573941ab23,кубок,798aa826b6129d33f72f62d4ba60b681,42,103,False
867170e0-86bb-4f23-94f8-68cbd4ea01be,делать мелкий глоток,798aa826b6129d33f72f62d4ba60b681,7,56,False
c0632da6-9ff1-4ab4-a232-6a66302219ca,откупоривать,4299b8ccf39ace57287b463fbe4a489b,10,59,False
e7781c98-0253-4773-8875-09daf9360a3a,кувшин,4299b8ccf39ace57287b463fbe4a489b,24,69,False
9c2f930e-ee0f-4a70-9970-9a325fcd8bd4,жевать,4299b8ccf39ace57287b463fbe4a489b,31,66,False
d7079c20-2601-4d05-a631-d7c656d41c7a,кафетерий,4299b8ccf39ace57287b463fbe4a489b,16,54,False
3b2832fc-200c-43cc-aa17-3f3aa7f7e4fa,MakDonalds,4299b8ccf39ace57287b463fbe4a489b,14,66,False
517bfb4f-797a-4542-a473-35e0996c1a7c,заварочный чайник,4299b8ccf39ace57287b463fbe4a489b,12,54,False
2635c7de-6a2e-4d00-a5bf-299c53a73158,официант,4299b8ccf39ace57287b463fbe4a489b,28,71,False
09eb5d84-20d3-499f-8229-e4bf63692faa,повар,798aa826b6129d33f72f62d4ba60b681,16,74,False
f44acbb3-f391-4365-9715-37b953647617,банкет,798aa826b6129d33f72f62d4ba60b681,16,66,False
0c2f890e-35dd-4a69-bc2c-be927d99f3cb,закуска перед едой,20f1589682a8e64769ae2ebc21b5fb6b,31,88,False
afbd1869-fa42-4550-a82e-c4550c249b87,кормить,20f1589682a8e64769ae2ebc21b5fb6b,50,119,False
41d19e7e-cb4e-4e1b-8247-0bf9420b5859,бутылка,20f1589682a8e64769ae2ebc21b5fb6b,29,96,False
92c25996-43cf-41e1-a090-8c2fa75404f2,помощник повара,20f1589682a8e64769ae2ebc21b5fb6b,33,124,False
e35326e9-473e-40fc-bd50-d72831bc000c,прием пищи,20f1589682a8e64769ae2ebc21b5fb6b,54,102,False
10eb3178-bf57-4a03-b2e2-42d2cd64f606,кормить,c80b4e57f158f28299b2a89694c42329,36,87,False
3db91cbb-2726-4ef0-a2b0-2d109dba6089,вкусный,c80b4e57f158f28299b2a89694c42329,33,88,False
fe0a6fbc-16d0-4a8a-a3bd-798809804877,окунать,c80b4e57f158f28299b2a89694c42329,21,72,False
cacbd5f5-96eb-4cc6-bd55-57c36897ceab,аллергия на еду,c80b4e57f158f28299b2a89694c42329,22,103,False
8917bd00-dc11-48ae-a15b-c98ddbd7e4e6,аппетит,c80b4e57f158f28299b2a89694c42329,18,99,False
c0b1bf31-01a8-4535-8c4f-4ca8ff8b6ab3,ароматный,c80b4e57f158f28299b2a89694c42329,26,83,False
bd112664-e8cf-432b-a4d2-6579318e6cb6,прием пищи,c80b4e57f158f28299b2a89694c42329,31,80,False
6d8b5d0a-c5f1-4198-97f6-c0f01add4439,мужской туалет,c80b4e57f158f28299b2a89694c42329,24,81,False
3fe6c527-dcd7-4ef9-b2f7-3014d531cff7,диета,c80b4e57f158f28299b2a89694c42329,24,80,False
65acf05c-3779-4784-8866-590f2112485d,официант,c80b4e57f158f28299b2a89694c42329,19,64,False
5c1b147b-3c2a-4e2f-b425-443f92418d48,кружка,ca6b767f0cccf093ba737ae2fc4fec3d,0,53,False
78d41070-3791-44c6-8631-b28e106f436a,откупоривать,4d26ad833542291c50de9ce88fb4f64a,18,102,False
328da4f2-b09e-419b-9573-ac0c85005c97,кафетерий,4d26ad833542291c50de9ce88fb4f64a,20,83,False
ce9cfc78-a484-4aae-a749-30d658e7c6da,предложить тост,4d26ad833542291c50de9ce88fb4f64a,14,104,False
043fa371-6ee1-4b2b-a6ad-0efa035d51c0,заварочный чайник,4d26ad833542291c50de9ce88fb4f64a,15,75,False
a196fbac-8ec7-43c4-9fa0-da322b1bcc4b,кувшин,4d26ad833542291c50de9ce88fb4f64a,17,88,False
769e9a60-9824-4acc-b5c3-d422a087d793,кусок; тонкими слоями,4d26ad833542291c50de9ce88fb4f64a,7,122,False
badcbc0e-bb37-4f6a-82dc-6e09fdfa66d1,окунать,92c73dfa328525ab086ae872d6614f14,23,83,False
86fd40e1-32f6-4113-bd5c-d76cad37b9e9,лить,92c73dfa328525ab086ae872d6614f14,32,86,False
f5882f5e-360d-4fbc-9512-0481d9691ce1,бутылка,92c73dfa328525ab086ae872d6614f14,15,55,False
9197af52-a258-4989-8b95-7e9ab9b72b40,закуска перед едой,92c73dfa328525ab086ae872d6614f14,22,72,False
006a3f59-a916-4586-9c32-cb0d21fa34a4,помощник повара,92c73dfa328525ab086ae872d6614f14,20,106,False
e4b5a333-b47e-4dad-8926-0e9639b46d6c,кормить,ac3fa06087fe75cd09b48ae6adee0daf,8,43,False
ea041150-1bc0-4c59-8001-f22cb723f1c9,кафе,ac3fa06087fe75cd09b48ae6adee0daf,32,64,False
13af9368-0b5e-4412-971f-5760674755e4,закуска перед едой,a95892dae1d320bd8b08cbca6a127cd8,7,51,False
867d539f-6eff-4c70-8f1f-d8991ff09412,откупоривать,a95892dae1d320bd8b08cbca6a127cd8,10,58,False
141b3128-0ed9-4530-93c0-c96cc93a1baf,переваривать,a95892dae1d320bd8b08cbca6a127cd8,14,69,False
efd55763-fac1-474d-ba03-fe5ecbf32dc3,кусок; тонкими слоями,a95892dae1d320bd8b08cbca6a127cd8,9,88,False
463ab8f8-1cfb-470a-bbec-68e2b2167dc5,заварочный чайник,a95892dae1d320bd8b08cbca6a127cd8,9,62,False
a65c6bb0-ac40-4c3f-a0d6-47c92c7364dd,предложить тост,9f9b13d8e63bd774b4ad1bd14f56147d,13,61,False
0d3227dc-cc0a-42f9-b024-cd169045899b,кафе,9f9b13d8e63bd774b4ad1bd14f56147d,13,39,False
0ca04728-8ff2-4caf-accf-c546f1f43b2c,резервирование; бронирование,9f9b13d8e63bd774b4ad1bd14f56147d,9,42,False
2619361f-8023-4179-9b49-0bfae162cf29,женский туалет,9f9b13d8e63bd774b4ad1bd14f56147d,8,49,False
91b51823-2887-4530-8814-1ded9b71dd1c,вилка,9f9b13d8e63bd774b4ad1bd14f56147d,14,50,False
d5e2b37f-dce5-4dc3-8c96-fcb04cc4f77d,обедать,9f9b13d8e63bd774b4ad1bd14f56147d,7,31,False
05c8f1ed-d28d-43ea-905a-d9f18d8d26eb,вкус,9f9b13d8e63bd774b4ad1bd14f56147d,6,63,False
944aaa92-a90c-40b7-ae55-5b0e3ecab848,"нежный, мягкий",9f9b13d8e63bd774b4ad1bd14f56147d,7,35,False
a2a59bc0-7645-4b41-8780-5f3a8e9de9ba,вкусный,9f9b13d8e63bd774b4ad1bd14f56147d,15,43,False
59bc5e30-60bb-4586-a2c2-0e0643ff9d9f,жевать,9f9b13d8e63bd774b4ad1bd14f56147d,11,52,False
183a8d84-1690-4466-b9b5-5464e74de9c1,заказывать,9f9b13d8e63bd774b4ad1bd14f56147d,4,36,False
19329d81-fda9-405d-8769-a8482d989a50,делать мелкий глоток,9f9b13d8e63bd774b4ad1bd14f56147d,14,42,False
099c2df3-cadb-44fb-8026-2d46db13329e,питьевая вода,9f9b13d8e63bd774b4ad1bd14f56147d,12,47,False
a6316281-41c8-4fec-9c45-4c52a0e97425,кувшин,9f9b13d8e63bd774b4ad1bd14f56147d,11,38,False
28a128e4-6c02-474b-8b3e-b96ce3082623,вкусный,3018b64d2c938f5b6a0826dfdf486f2c,18,65,False
a9c5038c-babf-417c-9d83-0f4b26e93bad,жадно есть,3018b64d2c938f5b6a0826dfdf486f2c,18,96,False
6ad088c2-54ef-410b-815e-e809bf720c32,"нежный, мягкий",3018b64d2c938f5b6a0826dfdf486f2c,35,105,False
758a8d0c-69c7-4605-8884-ac0be4fa6579,MakDonalds,3018b64d2c938f5b6a0826dfdf486f2c,18,94,False
a189096e-4763-47cf-9e5b-99b0a2999af8,откупоривать,3018b64d2c938f5b6a0826dfdf486f2c,30,90,False
97fcd4c2-5835-4988-962e-de7b3b02a31c,вилка,3018b64d2c938f5b6a0826dfdf486f2c,14,88,False
198b3b04-1288-4d71-92f6-70904dcfaa0e,аппетит,3018b64d2c938f5b6a0826dfdf486f2c,44,103,False
0bf77374-2114-4fb2-9318-0a81116529c9,ресторан,3018b64d2c938f5b6a0826dfdf486f2c,44,116,False
f1dec4d6-4ca7-4360-8c36-8d8034939e41,заказывать,3018b64d2c938f5b6a0826dfdf486f2c,33,79,False
c71a92e2-516d-4991-9a37-b4cdd0505d03,банкет,3018b64d2c938f5b6a0826dfdf486f2c,16,72,False
23c78cd4-1702-4ed0-b530-7fad6ee16f27,кафетерий,3018b64d2c938f5b6a0826dfdf486f2c,22,99,False
2d65eb59-0e2f-41e9-ac8a-0ecb70209592,диета,3018b64d2c938f5b6a0826dfdf486f2c,26,105,False
959661a2-affc-4c08-bb60-d230d3c33a3f,кусать,3018b64d2c938f5b6a0826dfdf486f2c,13,86,False
8039f9ee-0578-4be1-b44f-3247a7752fdf,кружка,3018b64d2c938f5b6a0826dfdf486f2c,26,116,False
24f694b4-4e12-4c8c-b807-e5579ad28d34,переваривание,3018b64d2c938f5b6a0826dfdf486f2c,20,102,False
6117b477-896f-417e-b972-34b24b2e67c4,резервирование; бронирование,8fe40f6fd9510b901edd9e64641d8618,10,48,False
148e7bd1-0aa0-4d0c-ad5a-bd5a29229fb0,предложить тост,8fe40f6fd9510b901edd9e64641d8618,2,57,False
8a2de321-04d7-48ba-9d58-b308d446ebe0,обедать,8fe40f6fd9510b901edd9e64641d8618,13,47,False
9b9450b3-81d2-4e05-8974-a0c1b6b2f2bd,заказывать,8fe40f6fd9510b901edd9e64641d8618,8,53,False
18822ec1-8459-4f97-954e-a339f95ded11,ароматный,8fe40f6fd9510b901edd9e64641d8618,15,61,False
bc2acbff-eb72-4fe8-bfb7-e78d1fc4425b,банкет,8fe40f6fd9510b901edd9e64641d8618,6,52,False
6c361231-102b-4f74-9bd4-0ca4f528b0e3,делать мелкий глоток,8fe40f6fd9510b901edd9e64641d8618,6,47,False
d0416858-69b5-4d8f-8ca3-a2c1ad06cf67,глотать,8fe40f6fd9510b901edd9e64641d8618,12,40,False
f467778c-3eb9-47ac-bbbe-7062e88911a8,вкус,8fe40f6fd9510b901edd9e64641d8618,11,62,False
2962455b-be2e-42ab-833e-c874b7c6f6ee,переваривать,e3e1fd4bbf07a0423ee20d5c9baa49cc,17,105,False
95816840-b7fa-4e4a-b39d-f6e53a2b9170,MakDonalds,e3e1fd4bbf07a0423ee20d5c9baa49cc,14,71,False
b25ee761-5649-432d-a878-e5308907848f,"нежный, мягкий",e3e1fd4bbf07a0423ee20d5c9baa49cc,8,67,False
b65c0f17-7e46-4528-af75-a05420ba4a2a,вилка,e3e1fd4bbf07a0423ee20d5c9baa49cc,15,62,False
23a76ab5-6def-4aa9-a8d5-aa629ecc3e83,аллергия на еду,e3e1fd4bbf07a0423ee20d5c9baa49cc,11,68,False
98e62bc0-8bcb-4d04-8313-25c10f2d5eca,заказывать,e3e1fd4bbf07a0423ee20d5c9baa49cc,10,51,False
29ab9ad2-fd5b-49cd-b4c0-126b054109e6,обедать,e3e1fd4bbf07a0423ee20d5c9baa49cc,13,61,False
89fad0dc-e9a5-4891-bb4c-ac1545caa9df,аппетит,e3e1fd4bbf07a0423ee20d5c9baa49cc,7,77,False
86db3443-e130-4c35-998e-1f815dab059e,женский туалет,20f1589682a8e64769ae2ebc21b5fb6b,34,113,False
ef33761f-0e15-46cd-b0e7-60ee92b1e8c1,кусать,20f1589682a8e64769ae2ebc21b5fb6b,27,95,False
659d63f6-83b1-4883-8648-5da3e61437dc,кафетерий,20f1589682a8e64769ae2ebc21b5fb6b,25,76,False
8fc486c4-6d8d-4bb0-a383-2654124bd57f,глотать,20f1589682a8e64769ae2ebc21b5fb6b,23,70,False
e9db53d8-a651-4e22-9d33-9965b211e98a,аллергия на еду,20f1589682a8e64769ae2ebc21b5fb6b,18,102,False
cc28461f-4030-4ae2-aa15-3518a0ce1bcb,банкет,20f1589682a8e64769ae2ebc21b5fb6b,24,70,False
bd96f8f0-70d7-472e-9d2d-fa105a6115d2,кружка,20f1589682a8e64769ae2ebc21b5fb6b,21,84,False
95d9b20c-d0fe-4348-9b42-40a00e514df1,повар,20f1589682a8e64769ae2ebc21b5fb6b,30,122,False
d4c3531c-0b7d-4182-95c9-6ada32f388cc,глотать,e88c0621a4f9760225fbbff7f1a8b5bb,6,33,False
44138636-cd8c-4e67-8c5a-1a43dda31043,кубок,e0ca58d03fc73a305046edcdf7ef7492,44,118,False
fe26bff5-1306-4981-b04c-bfe939473827,кусать,e0ca58d03fc73a305046edcdf7ef7492,27,81,False
ac48cc3f-a403-4626-8833-77dafec5c074,делать мелкий глоток,e0ca58d03fc73a305046edcdf7ef7492,23,75,False
ad8e1083-137f-464a-9ab4-b766c84aa805,диета,e0ca58d03fc73a305046edcdf7ef7492,41,94,False
2ad5bd77-d3bd-4435-9fb2-fb987d8bf767,питьевая вода,e0ca58d03fc73a305046edcdf7ef7492,10,48,False
6f72056b-28ca-4b86-a8e1-f6a9fa1ad95b,кувшин,2987f0ebb62c980d913d2d9ad1acab1e,28,72,False
7704ac4b-9072-4697-b9db-c6ef47d257ee,кубок,2987f0ebb62c980d913d2d9ad1acab1e,24,68,False
46f07f78-89fe-4bee-9d87-d59566db18ed,переваривание,2987f0ebb62c980d913d2d9ad1acab1e,19,62,False
d0b25522-6156-4612-a908-0ddb4674ccbd,официант,e3e1fd4bbf07a0423ee20d5c9baa49cc,8,49,False
89a6bf65-a4c2-4b97-abd1-52837689d2fc,кубок,e3e1fd4bbf07a0423ee20d5c9baa49cc,13,65,False
71ad85bd-87ff-4a96-be1a-ab58d4149c43,заварочный чайник,e3e1fd4bbf07a0423ee20d5c9baa49cc,13,75,False
3aa92ae0-1333-4cd4-a034-251f5a07d626,Плохо,0f7aee11724db9ef1f9df422f7443e28,47,94,False
e7723b8e-7e47-422e-91b6-e2a7ae972008,Забрать,a356848cf0a72f961b81ebb6716f6131,8,46,False
18cec197-f5f5-4fd1-bcee-efcb3f5a0d2b,Память,656ebd01cf7323d8c1cb8a0ca72aa1a5,0,38,False
729d7e0f-df4a-43b2-bf7b-a2638ba12b5b,Даже,b407f95b926cc6499fa09e8445c77a10,14,61,False
8815c54a-8fdd-4cc8-8427-fd4ed07b387d,Смех,b407f95b926cc6499fa09e8445c77a10,21,59,False
660d9244-b927-4750-af48-66c9ce743bb8,Лицо,3cf00ecfe200a3990d42c6464286d6fb,36,111,False
939ed52a-cf8a-4d30-b91b-263657c00d9c,Чашка,3cf00ecfe200a3990d42c6464286d6fb,24,85,False
ee76f808-d913-4ae2-9c19-52ec9061d44a,Футбол,3cf00ecfe200a3990d42c6464286d6fb,29,85,False
74709b04-096e-48a7-9dac-f90b0d92c188,Плохо,3cf00ecfe200a3990d42c6464286d6fb,13,60,False
b757a62f-7450-49dc-98ee-15b9e684c1f0,Подробно,3cf00ecfe200a3990d42c6464286d6fb,18,77,False
e5594572-4be5-496e-899e-ed16f67d818b,Забрать,3cf00ecfe200a3990d42c6464286d6fb,18,71,False
ff6a27ed-efcb-4dd1-9d02-8f16164a3326,Выручить,3cf00ecfe200a3990d42c6464286d6fb,31,80,False
6648b4b1-e40d-4bd9-a0f9-bd9c410c61cd,Лицо,529c291e8d4fbf9e7e85287a3242ca93,9,69,False
11664577-e5d3-46d1-a3a8-c7d925acd62c,Забрать,d7b7f11ee70264bf8fd0d5dc7815d6ad,21,60,False
245cc1a4-bf9c-4351-9af4-068a5ac6aadb,Соль,529c291e8d4fbf9e7e85287a3242ca93,13,61,False
9ae4f587-1df9-4f3f-8322-c2bbec4741a5,Смех,df8cbc6337c9d0928d4442d705e98d27,0,31,False
415c6459-9d51-45a3-b603-c7272c35bdc7,Забрать,0f7aee11724db9ef1f9df422f7443e28,47,84,False
d172c775-41cf-4e22-bebc-2aff591f47b6,Даже,0f7aee11724db9ef1f9df422f7443e28,41,87,False
afd4060b-427a-4e48-927e-983b34500373,Подробно,0f7aee11724db9ef1f9df422f7443e28,0,43,False
a04b4ac6-10ec-4b3b-a0be-48a68038c3fc,Выручить,a356848cf0a72f961b81ebb6716f6131,11,55,False
4951d606-528c-4822-8d62-5a006b24191a,Память,b21a99b09b181899c1becad72811179e,31,83,False
d491bd65-7ecb-4654-bbc0-ff66226b5624,Плохо,6520ea9b92b24339fb538be29b315e0b,58,105,False
b882c424-5aae-4dec-8688-7f5debd7f6ea,Чашка,6520ea9b92b24339fb538be29b315e0b,13,80,False
0b7a3c1b-f8e8-450a-9216-58b4ac8af7fe,Память,6520ea9b92b24339fb538be29b315e0b,30,73,False
98e7bc16-d944-4a60-8cda-a0c34bf2fcee,Лицо,6520ea9b92b24339fb538be29b315e0b,24,112,False
f71aba70-3538-473a-85e5-8eb5468c8678,Даже,6520ea9b92b24339fb538be29b315e0b,18,58,False
63189215-9fcb-421a-acf4-6c705916bf52,Чашка,550eef19de9ddf7dc4b37617d98589cc,26,76,False
95be44ee-60d7-47b8-b923-9b04a344ad8e,Плохо,550eef19de9ddf7dc4b37617d98589cc,27,71,False
637352a2-5d5e-49d4-8779-5e9b33408353,Память,550eef19de9ddf7dc4b37617d98589cc,23,71,False
e4b06edc-3f43-4316-b29a-d104f1e1af05,Футбол,550eef19de9ddf7dc4b37617d98589cc,24,79,False
8882b961-2416-4997-ba57-0aab5ee4a8cf,Даже,550eef19de9ddf7dc4b37617d98589cc,28,68,False
e9d89635-58f6-4c41-9069-132f739564f9,Корона,550eef19de9ddf7dc4b37617d98589cc,30,89,False
fd1eb457-b8c1-44db-9b05-12baf35dab79,Рубль,550eef19de9ddf7dc4b37617d98589cc,28,103,False
2e87e347-0eaf-4ada-9815-23a574601e0b,Лицо,550eef19de9ddf7dc4b37617d98589cc,24,90,False
1c96d28e-5b82-40df-993e-14b86b8166a0,Плохо,1b9c7051cdfd857ffd36902fe78c8231,5,32,False
04d2be63-e760-4f9b-a663-38d138b1b731,Забрать,1b9c7051cdfd857ffd36902fe78c8231,7,38,False
9c2296cf-6c8a-4185-a5a5-4eef1d0cbf4e,Футбол,1b9c7051cdfd857ffd36902fe78c8231,6,46,False
689ad8c6-44a6-4b7e-b29c-b87aa6240bed,Выручить,1b9c7051cdfd857ffd36902fe78c8231,8,36,False
1e88ab6d-5557-468c-8315-f0d8182c1df1,Рубль,1b9c7051cdfd857ffd36902fe78c8231,9,41,False
0595ba98-edd3-472c-9085-1d9176418b3e,Подробно,1b9c7051cdfd857ffd36902fe78c8231,7,49,False
487d2eca-ef6b-49a9-bb6e-85166ff517a9,Память,5558fd8101a2946270906cea0a1a6109,16,68,False
c2fcb1fa-6628-4afc-bc77-608d6217d8a1,Футбол,5558fd8101a2946270906cea0a1a6109,16,90,False
5a1ca732-973d-4f01-a99d-2e0af00bfbe6,Соль,5558fd8101a2946270906cea0a1a6109,8,83,False
13116e6c-0c66-4cf1-b923-565d316e0901,Подробно,5558fd8101a2946270906cea0a1a6109,8,64,False
2f629faf-0491-44a5-bc62-184c02f1e959,Соль,38655613ab774f4181175c682c89a8a9,12,74,False
6db455f3-4368-4746-ae9c-4c77b8be2f88,Даже,cbf0fba52a8a0d2750d36a25e246f19d,21,66,False
68421a0d-5aa2-4ea6-96c7-2700923db27b,Лицо,cbf0fba52a8a0d2750d36a25e246f19d,16,95,False
195a6387-dabf-41f6-b073-2ed1d24adeca,Чашка,cbf0fba52a8a0d2750d36a25e246f19d,24,81,False
1e3fcebf-f205-4680-9518-9f4f17e301b5,Корона,6520ea9b92b24339fb538be29b315e0b,28,93,False
d5ac2d5d-b57b-47c4-90c7-39a68270deb4,Футбол,83624345fa124849e833a8664f21f3ea,25,81,False
9a81e6a2-d409-4ccb-b825-2a6ea925a290,Чашка,ae7548712ebba39f87c993e4eb8c98f4,7,52,False
dd8ed330-ae6c-4e1a-b120-49e487c18692,Соль,ae7548712ebba39f87c993e4eb8c98f4,12,59,False
d2e155b0-2a74-4966-b463-d08f595b7195,Корона,ae7548712ebba39f87c993e4eb8c98f4,11,62,False
c6d16691-5d7c-4641-a5ae-8b738ae1598e,Смех,ae7548712ebba39f87c993e4eb8c98f4,15,55,False
f48922dd-0fa9-4cb6-9655-5c62b9a545f7,Рубль,ae7548712ebba39f87c993e4eb8c98f4,8,65,False
9dc35961-bd8e-4ae2-981b-a9bbf5342050,Смех,b6bc47e76a066769495f3a22455713b5,14,37,False
42452139-716e-41fe-ad70-e1bc00d655c7,Корона,b6bc47e76a066769495f3a22455713b5,11,52,False
b67042ee-7f90-499f-9874-fc05ce1bebd9,Рубль,232719b160f5951ee2c80613d367dc17,21,68,False
c55659f1-8aef-46c4-b108-cefd3ec7b230,Выручить,232719b160f5951ee2c80613d367dc17,30,63,False
bfa378a1-f62f-43e2-b8d0-73946c2c069d,Подробно,b34ac47997680835ece485b13845fefd,60,107,False
d96250ba-8c02-4d4f-ac14-6de2826ae58d,Выручить,b34ac47997680835ece485b13845fefd,21,62,False
6a64f501-519a-439c-b696-0a02c076bb95,Смех,b34ac47997680835ece485b13845fefd,16,51,False
794d8fde-e6d9-4986-9529-b6dfdb97510c,Соль,b34ac47997680835ece485b13845fefd,21,71,False
dbaf231a-8fe6-411d-8fff-8a5a0d73db20,Корона,b34ac47997680835ece485b13845fefd,8,66,False
353747de-9656-4a24-840c-d9c86164a986,Рубль,b34ac47997680835ece485b13845fefd,20,81,False
b2663d4a-dcc4-4291-9b8d-77106e3a7d27,Выигрыш,52003757d6b63a3ee7a71f36f5a9a17b,30,77,False
634e3e03-7e24-4316-a387-a32e4ecb2d20,Выигрыш,232719b160f5951ee2c80613d367dc17,21,58,False
830a5357-be69-4f8c-84d6-92701d4f2035,Свисток,232719b160f5951ee2c80613d367dc17,24,67,False
457a5ccb-a2e3-4083-9387-7dbc0c491576,Свисток,52003757d6b63a3ee7a71f36f5a9a17b,57,103,False
015c58e4-a3cd-4236-951b-f1ee2f0e897d,Чужой,b4e852a75cacf8642412dfc05e2126a3,10,53,False
14cdb39b-faa9-4666-b9fa-4624bb708c84,Цемент,232719b160f5951ee2c80613d367dc17,32,72,False
f454326b-7f18-4c6a-a469-7bf72b34b25c,Выигрыш,b4e852a75cacf8642412dfc05e2126a3,7,63,False
c7ab27ba-18ea-41a5-99f1-785dfc5fd7d0,Крест,232719b160f5951ee2c80613d367dc17,21,76,False
a3163834-8f5b-460b-bf9f-565008ff2f07,Чужой,232719b160f5951ee2c80613d367dc17,27,56,False
c42692db-9c0d-4b5b-9303-be2a95ee3e3e,Выигрыш,d7b7f11ee70264bf8fd0d5dc7815d6ad,15,62,False
eac5c29a-fb17-4be4-8b3c-6be443b40e15,Раб,d7b7f11ee70264bf8fd0d5dc7815d6ad,22,75,False
cca1bb82-6a9a-47fe-881c-bd20a2b14f22,Сразу,d7b7f11ee70264bf8fd0d5dc7815d6ad,13,56,False
e147aca6-3241-446e-91ef-f6dfcc7eb983,Чужой,52003757d6b63a3ee7a71f36f5a9a17b,16,62,False
51bf09bc-e127-4c6e-8e0a-e8d52e921a1d,Жарить,d7b7f11ee70264bf8fd0d5dc7815d6ad,23,80,False
32046707-305c-4c5b-9b57-42e62b5d9787,Золото,b4e852a75cacf8642412dfc05e2126a3,10,72,False
67b38152-295c-4e5d-8b65-96cf598af518,Витамин,d7b7f11ee70264bf8fd0d5dc7815d6ad,15,67,False
4586f919-d5b5-4de6-93eb-e1babbf51ea9,Обладать,b4e852a75cacf8642412dfc05e2126a3,14,62,False
648b9354-285b-4cbc-914b-1e0e3f239abe,Борода,b4e852a75cacf8642412dfc05e2126a3,10,109,False
7808c2db-e28f-4735-ba34-5c7a968a86d5,Религия,b4e852a75cacf8642412dfc05e2126a3,10,62,False
941d78f2-cf91-47bc-b23a-8f1c8add0b37,Золото,232719b160f5951ee2c80613d367dc17,33,65,False
4d373b6d-bb48-4bff-a93d-fc471b812d23,Обладать,232719b160f5951ee2c80613d367dc17,13,58,False
52535d54-b4ba-4bd1-8d64-b1371abae2d7,Чужой,472fb939766ece63eb06e2d0e10eb679,6,49,False
ba6080f6-31f9-40c2-97bc-f5d770e34f18,Золото,472fb939766ece63eb06e2d0e10eb679,10,51,False
2da7cfdb-f418-40df-a666-7f47ae37e0ff,Пылесос,08b8fc47e7a869751c13f64a922e6c15,24,74,False
73746313-81fc-48eb-a02c-fd81a5eb50f7,Почки,08b8fc47e7a869751c13f64a922e6c15,27,89,False
ecccaf75-d30f-4a81-935a-be9b0d56bf91,Крест,08b8fc47e7a869751c13f64a922e6c15,31,93,False
e001a393-953d-4fdc-98f2-adc79f59cfd2,Цемент,08b8fc47e7a869751c13f64a922e6c15,22,98,False
842ffed0-6e9a-472b-a5c7-cd8382952d73,Свисток,08b8fc47e7a869751c13f64a922e6c15,12,89,False
b325f99c-e87d-4bed-a229-2d6522980a3a,Крест,a54b7e3644ea504efb6f3ad4d7d7b938,23,103,False
ca06b6ea-c537-474e-bd74-a0122db295a6,Раб,a54b7e3644ea504efb6f3ad4d7d7b938,26,82,False
84b4e463-d555-4534-9c90-f6ca4a635a28,Обладать,a54b7e3644ea504efb6f3ad4d7d7b938,21,65,False
218e19bb-22f7-446d-9b0c-85fe14886904,Религия,a54b7e3644ea504efb6f3ad4d7d7b938,29,78,False
530636f1-9f75-451b-a552-a7c4389be86b,Золото,a54b7e3644ea504efb6f3ad4d7d7b938,25,81,False
0e1c4f45-bc7d-4647-95cd-4510a3d6daaa,Жарить,83624345fa124849e833a8664f21f3ea,16,71,False
d7356758-0c51-47be-8f32-d57361588f93,Сразу,8d28a14d365c6e81ece56134d2390b5d,15,70,False
09b409ea-60e1-4379-a3a4-18dafd684430,Цемент,570c2405d58fe08bce66f55c42bc36b0,21,93,False
ee31f3dc-289a-461c-b733-015c031bee52,Жарить,284bcd17bf498fc7af0fb1ae02d53e71,28,112,False
268ff986-25f9-4d64-95ec-a566208cf8e4,Пылесос,40ad51b49892dca94b905eca8926568a,9,82,False
484ce953-cd2c-40e7-b230-128e2f1b587f,Крест,40ad51b49892dca94b905eca8926568a,6,87,False
91f0dded-81eb-4a0f-8a4e-905724cd959e,Почки,40ad51b49892dca94b905eca8926568a,4,52,False
dde99601-75e7-4620-a3ca-87565399643e,Жарить,bd22df5de9c7373f6182446d80e4eef3,8,63,False
e267c90a-6d72-48b7-a734-dac11482750e,Пылесос,48bc83c415e12683f469d16027829654,37,130,False
3af9433f-fa7e-4085-ab32-2f5b887dce11,Свисток,ab460ff83e8c5b13a705a9e2081023c2,5,68,False
2af3c029-12df-4c20-b45e-77ff8896c5fa,Почки,3cf00ecfe200a3990d42c6464286d6fb,43,109,False
61c3e9d2-be86-4ffe-a39d-1a13eb3a3f11,Раб,3cf00ecfe200a3990d42c6464286d6fb,31,86,False
2f3e3bd5-10ae-4d10-89ea-0eff7559d015,Витамин,3cf00ecfe200a3990d42c6464286d6fb,22,96,False
c2180e11-a3fb-43ef-8656-d6b9d9cf86d4,Крест,3cf00ecfe200a3990d42c6464286d6fb,53,121,False
bdc688a6-b79b-44c1-a7bf-6b5ba9e295c1,Борода,fb1007e5ffe149cc08bccaf8eda2ce31,19,108,False
3511a567-82d8-452f-bcd4-e65cb894947a,Религия,fb1007e5ffe149cc08bccaf8eda2ce31,29,120,False
3a1b1d27-2f7a-4536-a873-ab0afe780aec,Жарить,550eef19de9ddf7dc4b37617d98589cc,10,79,False
bbc3f42c-b5a6-4d0b-a864-4548b840d3ee,Раб,550eef19de9ddf7dc4b37617d98589cc,16,102,False
484fc60d-e618-43b5-8525-79d871b5a7f7,Обладать,550eef19de9ddf7dc4b37617d98589cc,15,68,False
52ccb093-52b0-4372-9d1b-4be404c0b20f,Сразу,44a8ecdfac1eb8202bfb9a681be1ab20,13,51,False
e6c484bd-efe8-48df-bb03-3789917377bd,Пылесос,e79bc2612e4d81bbf11d100ba8645393,4,58,False
85d3194f-a4bc-4638-8640-a8c49dd2e386,Свисток,4fe3e5fa6670788d04a086330994c231,15,50,False
3df39c57-4116-404e-b0cd-b7aba841629c,Борода,4fe3e5fa6670788d04a086330994c231,10,65,False
7009705d-af97-40c2-b256-0adfb24ab775,Почки,4fe3e5fa6670788d04a086330994c231,24,48,False
32359f4d-f59c-47df-bf69-61b06493d650,Витамин,4fe3e5fa6670788d04a086330994c231,18,55,False
b4a162e7-62b5-4179-b0c3-b1a627ebc374,Выигрыш,efc86825b9a40bcdcc9b54ab81aab3fe,13,52,False
fced28f6-d4b3-4720-bdb7-baabc35721b8,Почки,efc86825b9a40bcdcc9b54ab81aab3fe,14,61,False
2e0a665c-0478-400e-8fa7-c8ce449f3014,Чужой,efc86825b9a40bcdcc9b54ab81aab3fe,7,39,False
6fa86126-9ce8-4be9-8df5-425d10c0532f,Цемент,efc86825b9a40bcdcc9b54ab81aab3fe,27,85,False
f349620d-7350-4e3d-bc96-2f98b8da3eea,Раб,efc86825b9a40bcdcc9b54ab81aab3fe,22,70,False
61dba500-983c-4234-aaeb-46f91fda5e87,Обладать,efc86825b9a40bcdcc9b54ab81aab3fe,21,62,False
bcb1626e-a957-4bf5-918a-ba09a4dbd880,Сразу,efc86825b9a40bcdcc9b54ab81aab3fe,16,46,False
3d094392-3e28-4b0d-9aec-b8b7c9ec14c6,Пылесос,e75f778bbca49e64fdfb582b30648ca9,13,75,False
e3b82804-d62b-4937-ac16-46bb13f732ba,Цемент,e75f778bbca49e64fdfb582b30648ca9,28,87,False
6a28d052-5229-493a-9f76-4c0c422dbdad,Витамин,e75f778bbca49e64fdfb582b30648ca9,21,60,False
47a7dfe2-bc5c-4718-82f9-f0962e61ca21,Сразу,7faa41c4cf0a2602a23390de23574993,27,76,False
7df8e5ec-ca26-4dd2-b2d6-3d166e026382,Витамин,7faa41c4cf0a2602a23390de23574993,30,80,False
2f464972-efb8-4cf0-99d0-a09c63faab09,Борода,7faa41c4cf0a2602a23390de23574993,22,118,False
3482f927-c09d-4c96-bcd2-58d2416ba662,Борода,324cdee3d2550397efb761d8fff48139,21,106,False
fecb9b7b-6708-46cc-b899-a560029cb511,Религия,324cdee3d2550397efb761d8fff48139,16,73,False
b8dbe08b-33ea-4dca-97dd-33ff56f68419,Золото,ad71ee6996c897e759036b345d7b240e,22,65,False
3233829f-cecb-472d-8669-cf541807a589,Религия,ad71ee6996c897e759036b345d7b240e,14,70,False
695bac77-1044-415b-8ce2-859445d71c2f,закончить,33b317c5a26046cafcd795a2fe4e919e,31,71,False
f014d6ba-b6a6-4422-8d24-c0d242d68cba,эти,33b317c5a26046cafcd795a2fe4e919e,30,69,False
18d8954c-42c2-4e73-9edf-36334bcfe7be,который,33b317c5a26046cafcd795a2fe4e919e,32,74,False
542ceb51-7517-4bf2-9e29-14dc328d691a,бы,a2831ac841c337c541b9f89d169ec69b,19,59,False
ef6f6ab6-85e1-4ac0-8f3c-a87c5620ed6b,поздний,33b317c5a26046cafcd795a2fe4e919e,35,76,False
50f34516-10a1-4f93-b6c9-788ddb31fdb0,чудесный,e75f778bbca49e64fdfb582b30648ca9,26,69,False
6d8d06e8-a004-49b9-86d6-155c5daabaac,эти,e75f778bbca49e64fdfb582b30648ca9,23,65,False
b8bf116b-d755-4edb-a759-480cae995ac9,подруга,33b317c5a26046cafcd795a2fe4e919e,33,87,False
e59508ee-0509-46d9-a6cc-79bb633245a4,остановиться,e75f778bbca49e64fdfb582b30648ca9,14,66,False
dbc64198-36c9-4e15-be86-e4dc9ad36d91,тогда,33b317c5a26046cafcd795a2fe4e919e,28,58,False
4f5ae37b-087a-4160-9921-f27f77a79f69,терять,33b317c5a26046cafcd795a2fe4e919e,21,49,False
078fe37f-da5a-4348-ad85-e96acc80be81,остаться,33b317c5a26046cafcd795a2fe4e919e,31,76,False
84d077e6-c2da-4401-90bc-29f90efd4548,около,33b317c5a26046cafcd795a2fe4e919e,26,55,False
988cd2b5-bb71-4b8a-b5d1-f076cd52318b,проверить,e75f778bbca49e64fdfb582b30648ca9,13,57,False
b1b3c3b4-19a5-46b9-9b24-e31afd01ca18,который,ad71ee6996c897e759036b345d7b240e,20,63,False
fd70457b-52f5-40ca-a9ac-f08b9b53454f,показать,ab460ff83e8c5b13a705a9e2081023c2,11,52,False
b540a3a4-c755-4939-94fb-d673ed5afa41,наружу,ab460ff83e8c5b13a705a9e2081023c2,4,40,False
6b3c3041-4236-412b-992f-783d0aeb11b8,петь,ab460ff83e8c5b13a705a9e2081023c2,9,94,False
55500b45-26d6-4a85-bf48-3f21ebaf792a,закончить,e75f778bbca49e64fdfb582b30648ca9,4,36,False
9ea67220-1f04-4d10-ae5b-4515367c9668,получить,e75f778bbca49e64fdfb582b30648ca9,5,39,False
051fff73-eda0-494e-b7be-f5f3ab34676a,что-нибудь,33b317c5a26046cafcd795a2fe4e919e,20,79,False
92e6cfb0-b64c-4579-88ad-19eb1706ab73,из-за,154a5a96cdb51a98d40895acdcc0de60,28,107,False
f6d62752-a343-43d0-89c8-77719c4e5f49,всё,ab460ff83e8c5b13a705a9e2081023c2,8,52,False
7dfe3ce7-6ac9-4962-9fa3-39f8a3802c58,прекрасный,33b317c5a26046cafcd795a2fe4e919e,21,53,False
09a915b4-7078-4a81-a410-248d3741943d,проверить,ad71ee6996c897e759036b345d7b240e,42,87,False
edb35806-be38-438b-af8c-82c91df39091,подруга,e75f778bbca49e64fdfb582b30648ca9,3,60,False
93e80eca-3d88-44db-9e44-e19e8ec288f9,эти,154a5a96cdb51a98d40895acdcc0de60,23,72,False
4047e132-aa1a-4118-9103-0bc350f35c85,остановить,154a5a96cdb51a98d40895acdcc0de60,24,82,False
e369c2ae-a54d-4fb4-894d-dd504f625e83,получить,ad71ee6996c897e759036b345d7b240e,39,81,False
c91d3656-01dc-4ec6-a30c-4ecac5c407eb,изучить,e75f778bbca49e64fdfb582b30648ca9,6,59,False
501174a1-71eb-4e3a-940a-e2f9e41cee44,закончить,fb1007e5ffe149cc08bccaf8eda2ce31,29,85,False
6c086f75-4acd-4b6d-ad6e-63970c1a27b7,остановиться,154a5a96cdb51a98d40895acdcc0de60,20,65,False
036df9e6-a603-4136-935b-d00f12b7c5de,ясный,e75f778bbca49e64fdfb582b30648ca9,20,60,False
b3fa2e26-5fdf-4094-9073-746af5f63095,чудесный,154a5a96cdb51a98d40895acdcc0de60,20,61,False
f82c744e-cc17-4e38-9614-a4e23480db63,этот,154a5a96cdb51a98d40895acdcc0de60,29,82,False
0b9a1207-8220-4a89-a692-1bf2a91b8e43,замужем,ad71ee6996c897e759036b345d7b240e,33,91,False
c6e8f321-1004-4c94-af68-e6699c5129f6,показать,6fefb7617d77222efd121f4a2d6a79d6,20,83,False
2fa3d4a5-8b2a-4744-9b27-c86f7a553d0b,подруга,154a5a96cdb51a98d40895acdcc0de60,18,77,False
f9481b95-be11-405c-b296-bc981ebaa058,который,fb1007e5ffe149cc08bccaf8eda2ce31,30,83,False
19399105-a904-4d4f-927e-b764976d973e,наружу,6fefb7617d77222efd121f4a2d6a79d6,39,110,False
816efed5-430c-460f-8f17-3a2535f3d348,получить,154a5a96cdb51a98d40895acdcc0de60,22,63,False
9db77420-3151-4d02-8481-a185b2cc7686,остановиться,fb1007e5ffe149cc08bccaf8eda2ce31,46,110,False
2be95a35-a7ff-4693-9f4c-e5f110a8eb6f,изучить,154a5a96cdb51a98d40895acdcc0de60,21,65,False
20c438d9-81a6-4bc3-96d1-2ce38759fe1a,немедленно,fb1007e5ffe149cc08bccaf8eda2ce31,25,76,False
381b38b2-e124-4b4b-bbc1-3ae7a1ce1a8e,поздний,fb1007e5ffe149cc08bccaf8eda2ce31,48,95,False
d7ef9533-47aa-4b02-ac9a-ab7437163770,взять,33b317c5a26046cafcd795a2fe4e919e,30,65,False
f3a7d882-77f4-43bc-8fe0-97ccce3fecf1,нам,33b317c5a26046cafcd795a2fe4e919e,24,55,False
ae43ce90-ce71-49d3-8a50-acfb13caad5a,ясный,154a5a96cdb51a98d40895acdcc0de60,16,62,False
10a36fc8-a148-4769-bb8f-5e04a9175d73,её,6fefb7617d77222efd121f4a2d6a79d6,29,91,False
c4a237b8-9734-44ed-b4e4-cd1994de5592,над,08b8fc47e7a869751c13f64a922e6c15,27,94,False
ba3fdf9d-c585-40a4-9bc9-7d80df2c5d21,всё,6fefb7617d77222efd121f4a2d6a79d6,36,82,False
d943770f-c50a-41ef-903c-a5117f2bc63a,терять,154a5a96cdb51a98d40895acdcc0de60,19,55,False
68aaee0d-3324-480c-bd33-36b989b647db,ясный,08b8fc47e7a869751c13f64a922e6c15,19,67,False
4b596beb-d412-42b1-be8f-390ec2affea1,над,154a5a96cdb51a98d40895acdcc0de60,14,68,False
035a9b1b-235c-4d20-a6ab-6916c9c08ab4,терять,e75f778bbca49e64fdfb582b30648ca9,17,53,False
db0638f2-b448-4939-8853-0451ceb9ce2e,проверить,fb1007e5ffe149cc08bccaf8eda2ce31,43,92,False
a78859a6-04e5-4606-9f23-eac1ebe4f08d,теперь,154a5a96cdb51a98d40895acdcc0de60,30,64,False
e1cb68bb-4731-4d65-88ec-459a5e57bf26,прекрасный,154a5a96cdb51a98d40895acdcc0de60,18,55,False
65761354-11a8-46f0-883a-fed8bafcaeef,терять,08b8fc47e7a869751c13f64a922e6c15,14,60,False
df6324eb-6a68-4763-9597-a1a7fcd089dc,над,fb1007e5ffe149cc08bccaf8eda2ce31,31,79,False
1de6af8f-22a3-4ad6-b507-d34e3437c684,подруга,fb1007e5ffe149cc08bccaf8eda2ce31,26,105,False
45f9f804-033b-4248-bdb5-f258941be768,теперь,08b8fc47e7a869751c13f64a922e6c15,44,92,False
bb43086a-d01d-44b3-840f-81492a7f32e7,от,76aa633fcb2bec4e6b0852635a8af57c,9,80,False
260004d0-63ec-49b6-a89d-d32cdc2ee15a,около,e75f778bbca49e64fdfb582b30648ca9,26,90,False
96b73b09-7161-4161-a054-96be90d7f23a,теперь,e75f778bbca49e64fdfb582b30648ca9,15,55,False
d10c15bc-8092-4198-b894-792736073661,прекрасный,e75f778bbca49e64fdfb582b30648ca9,17,65,False
d7aaeb40-f016-42c5-9005-00bf5e695895,взять,e75f778bbca49e64fdfb582b30648ca9,28,75,False
87ac7cb6-fb37-4ae3-97a9-0bbc1a4b4a08,вы,33b317c5a26046cafcd795a2fe4e919e,35,78,False
7fff6a52-5729-4bd8-8d3c-953a63396d82,вам,33b317c5a26046cafcd795a2fe4e919e,32,65,False
1b8327d6-2366-4bff-a91a-37eaaca10ac2,от,33b317c5a26046cafcd795a2fe4e919e,44,87,False
8c60580b-b480-4132-86d5-8abb7990305e,предложить,ad71ee6996c897e759036b345d7b240e,32,72,False
bd47ce38-ecca-46fb-bb59-50d9554a598d,ясный,fb1007e5ffe149cc08bccaf8eda2ce31,35,96,False
cd8f4d85-bf8f-47cc-a3f4-5d62e25fb6fa,от,ad71ee6996c897e759036b345d7b240e,30,73,False
d0224bbf-1037-4149-9045-71d110597236,позволить,e75f778bbca49e64fdfb582b30648ca9,23,66,False
5b996449-8550-4d2c-b098-c0c364a136a7,изучить,fb1007e5ffe149cc08bccaf8eda2ce31,33,81,False
4e8158bc-6dda-4670-8331-4e5e446ca43d,что-нибудь,ad71ee6996c897e759036b345d7b240e,24,60,False
e3b3e95e-2b66-4af2-9739-9720ab8ae663,около,fb1007e5ffe149cc08bccaf8eda2ce31,26,65,False
c749826c-a8c9-48f1-bbcf-a44b3a9c8b6d,чудесный,cbf0fba52a8a0d2750d36a25e246f19d,4,55,False
0f435d88-541c-4655-bfe5-6cbaa27f0549,предложить,fb1007e5ffe149cc08bccaf8eda2ce31,30,86,False
2ea3c907-e902-4e16-9701-ada5bf992268,взять,fb1007e5ffe149cc08bccaf8eda2ce31,24,70,False
e2986e4a-eff0-43e5-a61c-e1a7128b3108,закончить,324cdee3d2550397efb761d8fff48139,21,67,False
041944ec-8ef9-4077-ac4a-6356cc0562b5,нам,fb1007e5ffe149cc08bccaf8eda2ce31,28,71,False
d369cd23-1475-402a-af22-9630739f201c,прекрасный,fb1007e5ffe149cc08bccaf8eda2ce31,32,78,False
2bf0ab0e-e286-409d-8c4c-caa6859ac664,немедленно,cbf0fba52a8a0d2750d36a25e246f19d,2,45,False
601320bf-e335-4c15-b818-0dbfeb9d7f05,из-за,324cdee3d2550397efb761d8fff48139,6,86,False
cbef7d31-3622-48be-8c78-56f55566c8a9,им,cbf0fba52a8a0d2750d36a25e246f19d,11,96,False
a682de90-7dba-4865-ad08-9a62c50fe021,дать,ad71ee6996c897e759036b345d7b240e,30,73,False
15101638-aa03-4dae-8136-3ee08207dea6,дать,fb1007e5ffe149cc08bccaf8eda2ce31,30,69,False
865962a9-b7ef-402b-9756-bb2f221cc663,наверху,33b317c5a26046cafcd795a2fe4e919e,29,70,False
183b9c90-e710-499f-9352-957e7264daff,который,324cdee3d2550397efb761d8fff48139,1,53,False
c39a585c-243a-4886-b3a6-53d7aa341c7e,остановить,cbf0fba52a8a0d2750d36a25e246f19d,15,70,False
f28ad9a0-6b1e-4eec-b511-3bf9eff71796,вас,fb1007e5ffe149cc08bccaf8eda2ce31,22,71,False
122e3479-f22f-4b12-8922-09df20dcee7b,немедленно,324cdee3d2550397efb761d8fff48139,10,49,False
6c4bc3aa-520f-4f5f-976b-cf7a788a16a8,позволить,fb1007e5ffe149cc08bccaf8eda2ce31,28,71,False
520ab18d-a3f2-47bd-b8c5-cfc6790378ed,слишком,fb1007e5ffe149cc08bccaf8eda2ce31,29,80,False
defc505f-661c-4f05-86a7-04dcf8fb68be,петь,33b317c5a26046cafcd795a2fe4e919e,23,74,False
a8d1cee7-4233-490d-9fa3-81e1dd4c3dcc,следовало,324cdee3d2550397efb761d8fff48139,6,60,False
9bdcf12a-9f40-408d-afa1-2cb659249428,эти,cbf0fba52a8a0d2750d36a25e246f19d,8,51,False
0d66cba2-4985-4793-becb-99eee77e30ca,слишком,e75f778bbca49e64fdfb582b30648ca9,0,37,False
896c4eb4-ccee-4eee-b79d-9f1a20c57842,вас,33b317c5a26046cafcd795a2fe4e919e,43,80,False
f128388a-7c27-41a6-85d9-b11584f0ec80,остановить,194612f32f5297e4699c2c0beb9b336a,16,79,False
e81399a6-43ad-4cbb-957d-9e57c2c462b4,показать,fb1007e5ffe149cc08bccaf8eda2ce31,33,89,False
420afad4-3c3e-45f6-8f56-104cb9be4702,привезти,fb1007e5ffe149cc08bccaf8eda2ce31,21,75,False
529cd0dd-7620-47a3-a618-45811f37c4fa,те,33b317c5a26046cafcd795a2fe4e919e,38,75,False
a568568c-cc52-44fd-8459-0ae29b07ed0f,следовало,4fe3e5fa6670788d04a086330994c231,10,49,False
fc32b8ed-11bf-4717-a6a3-8bf9befb4e53,чудесный,194612f32f5297e4699c2c0beb9b336a,34,75,False
ed71b9b1-f519-4ece-b780-7c6ef15ea3e8,остановиться,4fe3e5fa6670788d04a086330994c231,19,75,False
c5e930cd-b05e-4607-9d2d-a9d1cfb44d1a,немедленно,40ad51b49892dca94b905eca8926568a,14,61,False
64c0838d-3dce-414b-8278-59563d02671b,им,194612f32f5297e4699c2c0beb9b336a,29,106,False
5810cf31-20cf-440a-8181-7fb0096758a4,привезти,33b317c5a26046cafcd795a2fe4e919e,28,80,False
74a1362f-4fec-4016-bf31-b0d4d2fca052,бы,fb1007e5ffe149cc08bccaf8eda2ce31,31,90,False
5ebb69d2-9e14-4711-a14c-f6716c5f2644,поздний,194612f32f5297e4699c2c0beb9b336a,37,78,False
8b330b48-4835-4403-b041-ecae5b31f8ac,петь,e75f778bbca49e64fdfb582b30648ca9,6,59,False
9c181154-9a3f-4b19-9539-c60116390f89,этот,4fe3e5fa6670788d04a086330994c231,7,35,False
ff5f2c87-ebfe-4aa1-beb9-fedcd1b42b96,немедленно,4fe3e5fa6670788d04a086330994c231,27,48,False
158447c0-cbb0-4b32-a311-3c1dba3b7f28,показать,e75f778bbca49e64fdfb582b30648ca9,17,64,False
49881cf2-c1df-4984-959b-b686392e5620,всё,33b317c5a26046cafcd795a2fe4e919e,54,88,False
9c6a1c3b-7037-4ced-b6e7-277b37253992,бы,33b317c5a26046cafcd795a2fe4e919e,30,109,False
874baa77-7666-459f-968e-9b4453777de3,вы,e75f778bbca49e64fdfb582b30648ca9,3,42,False
fd5a41cd-54c5-4296-9176-d01284bca555,вам,ad71ee6996c897e759036b345d7b240e,27,61,False
d90816d8-7e96-424d-8448-40bd982d3319,слишком,ad71ee6996c897e759036b345d7b240e,29,69,False
0390ef29-0a81-4931-ae55-d9774832da81,наверху,ad71ee6996c897e759036b345d7b240e,22,65,False
7ab084f2-4749-493b-8fc3-a600728cda32,прийти,ad71ee6996c897e759036b345d7b240e,27,92,False
a238c6ab-1582-4c11-a94b-8cd2d420cbe4,проверить,4fe3e5fa6670788d04a086330994c231,12,50,False
9c50bdea-bbc7-4540-befe-d829a5aa7ac3,из-за,b4e852a75cacf8642412dfc05e2126a3,12,103,False
b6d5d5ef-b921-4f3b-bf4c-d4b2c61467cb,те,e75f778bbca49e64fdfb582b30648ca9,24,73,False
10568732-e12f-4e1c-95f2-3aa7a50c9990,остаться,4fe3e5fa6670788d04a086330994c231,13,50,False
5e2696c2-836b-4626-8e76-d68b00cf2dc6,следовало,b4e852a75cacf8642412dfc05e2126a3,16,58,False
5c3c2f35-3039-469b-853e-d10aa792bf5c,минимум,4fe3e5fa6670788d04a086330994c231,13,50,False
494f302f-b305-4cde-b552-103f2c27a87b,всё,e75f778bbca49e64fdfb582b30648ca9,9,48,False
ee061b83-73b1-4c6e-bb7d-3753a04d448e,из-за,85346caabc9579e229e5c57dfec1423b,22,117,False
4700ac35-4880-4467-aba7-5f7f1ed38cf6,тогда,4fe3e5fa6670788d04a086330994c231,8,30,False
b428ae50-16a0-433b-8d4c-c79b2eb56eec,женат,e75f778bbca49e64fdfb582b30648ca9,12,58,False
1beefe1f-a1dd-469f-84e6-d429e6168ac3,те,ad71ee6996c897e759036b345d7b240e,36,85,False
9007de75-8607-42d2-93e4-e390482c7f97,её,ad71ee6996c897e759036b345d7b240e,56,111,False
7b9c1d42-8085-4337-8bbd-9b1a52647968,этот,b4e852a75cacf8642412dfc05e2126a3,11,74,False
f48ff09e-ce60-4632-a165-d3785e06af99,проверить,40ad51b49892dca94b905eca8926568a,24,93,False
93689762-b8ff-4a7a-bd2b-0cf52bea4117,им,324cdee3d2550397efb761d8fff48139,10,65,False
fee13c64-e870-495f-ba6a-aff4f5d42870,поздний,324cdee3d2550397efb761d8fff48139,17,74,False
1fc2897c-11e6-4902-8d1d-bd49e4170dc3,женат,ad71ee6996c897e759036b345d7b240e,21,77,False
90c36258-47c4-4fce-bf8b-51d4134022ae,петь,ad71ee6996c897e759036b345d7b240e,28,98,False
ff04ed95-180a-446a-ad2d-25cac794533e,замужем,324cdee3d2550397efb761d8fff48139,21,72,False
72c4d022-68c1-4e8c-8b07-ddcfab4870d1,изучить,324cdee3d2550397efb761d8fff48139,10,63,False
b137ea32-aff9-45bd-be78-b1d3b59a92b9,над,324cdee3d2550397efb761d8fff48139,6,58,False
f677ba6f-ac08-4fad-8c03-e17d92714bb9,получить,324cdee3d2550397efb761d8fff48139,15,59,False
09e14161-222d-4845-9943-257c60f1a917,остаться,324cdee3d2550397efb761d8fff48139,14,66,False
06f8f81a-d2b8-40ee-80ae-d18e943defce,тогда,324cdee3d2550397efb761d8fff48139,15,44,False
f20d78cd-57ab-40b9-b2f5-dcc639b934be,тогда,40ad51b49892dca94b905eca8926568a,14,48,False
21ee273d-c12f-4c38-b453-5b5ce38c4712,предложить,b4e852a75cacf8642412dfc05e2126a3,5,53,False
aae41350-7272-4bb1-9e36-e4c5d4e25b75,женат,33b317c5a26046cafcd795a2fe4e919e,28,69,False
a8da910a-2cf4-4147-bea2-65e8cef08e8f,следовало,3ec3e73c6c82b3bf81555a099aa99cb8,6,80,False
7fdca266-a9cf-4396-9150-4e915abfb0fe,что-нибудь,b4e852a75cacf8642412dfc05e2126a3,2,55,False
b0fa067c-1f66-4dc0-8f11-ed2c4810094e,нам,b4e852a75cacf8642412dfc05e2126a3,0,30,False
d0e91b08-3fe1-4b24-8ea6-19b745fad263,дать,b4e852a75cacf8642412dfc05e2126a3,2,44,False
03a85ad8-4651-4940-9666-65fc7f9abacd,наверху,b4e852a75cacf8642412dfc05e2126a3,17,41,False
62babebd-66e3-4fd0-a5e9-c86b21dbbbeb,показать,b4e852a75cacf8642412dfc05e2126a3,8,48,False
814aad68-d920-47b8-a600-9c16f4e34e45,прийти,b4e852a75cacf8642412dfc05e2126a3,10,77,False
bd954736-dfe6-4b04-a19e-9c6bc8c2147b,петь,52003757d6b63a3ee7a71f36f5a9a17b,5,65,False
21b0d941-5f64-4dbd-95c9-5fdba75e7040,наружу,b4e852a75cacf8642412dfc05e2126a3,8,57,False
cd54c6be-17c0-4fd6-9edb-3ac16071b6a5,вы,3ec3e73c6c82b3bf81555a099aa99cb8,5,38,False
429e880b-8a93-4c8e-9cba-b4c33af4628e,минимум,324cdee3d2550397efb761d8fff48139,11,78,False
1281cc4b-b6f4-4f13-a029-fa499ba50dd6,ясный,324cdee3d2550397efb761d8fff48139,11,74,False
2869ef9e-906c-47cf-95fc-37303703ef33,теперь,324cdee3d2550397efb761d8fff48139,22,70,False
e5dc779e-6732-42d0-83fb-b3973e5a30b8,всё,52003757d6b63a3ee7a71f36f5a9a17b,14,53,False
2a08a020-9efd-45d6-9887-7e16631227b9,взять,324cdee3d2550397efb761d8fff48139,12,59,False
88528d81-8863-4a5e-a90e-b771225a296d,что-нибудь,324cdee3d2550397efb761d8fff48139,15,59,False
9a2f6355-05be-497c-a60b-6cea39d2e600,чудесный,cd2619b64656612f5177970fa8fadd0c,24,60,False
8e0eac05-d52b-4b38-a29f-96424e141471,её,52003757d6b63a3ee7a71f36f5a9a17b,12,92,False
872d3595-0787-421f-b7ba-4e9bd9081d42,закончить,cd2619b64656612f5177970fa8fadd0c,22,67,False
c73b932b-da7c-4ebe-8db9-3389f145396d,эти,cd2619b64656612f5177970fa8fadd0c,21,61,False
cbd350f7-c835-4139-94e8-faf40dd5743c,привезти,324cdee3d2550397efb761d8fff48139,9,53,False
497d8227-cd1c-4cbe-bc12-06274f36c9a0,остановиться,cd2619b64656612f5177970fa8fadd0c,24,93,False
13b6b672-9b25-4bd9-b41a-788a436af021,этот,cd2619b64656612f5177970fa8fadd0c,19,68,False
81a5d0f5-d01d-425a-b1a0-1180843f5d67,поздний,cd2619b64656612f5177970fa8fadd0c,32,84,False
f03d1045-eaaa-41fc-a95e-35b57790c426,который,cd2619b64656612f5177970fa8fadd0c,20,77,False
fa7ba71c-4d33-43b2-80b1-8e88bf6fc050,получить,cd2619b64656612f5177970fa8fadd0c,18,56,False
fc026d83-78b8-419d-af92-427d5c901ecf,им,cd2619b64656612f5177970fa8fadd0c,24,89,False
33eddf41-62e5-44b6-bb21-fe976874c784,над,cd2619b64656612f5177970fa8fadd0c,13,62,False
03f106ed-3799-4134-af5d-d9dd10bceed6,замужем,cd2619b64656612f5177970fa8fadd0c,17,76,False
160901dd-f4dd-4fd9-83f4-ef58bb3488c7,остаться,cd2619b64656612f5177970fa8fadd0c,16,54,False
5e4cd03a-abb1-4132-8ea6-984b1eb0a8fb,изучить,cd2619b64656612f5177970fa8fadd0c,24,60,False
191ead0d-b606-4264-be3e-6784d3c0a4e8,тогда,cd2619b64656612f5177970fa8fadd0c,26,55,False
174aa52c-6d95-431a-9210-0be6e290f020,предложить,cd2619b64656612f5177970fa8fadd0c,17,60,False
73f2825f-0eeb-4b74-9d05-bd611b038cfc,минимум,cd2619b64656612f5177970fa8fadd0c,24,58,False
397e4529-998c-449a-adbd-8b58923dab54,терять,40ad51b49892dca94b905eca8926568a,16,59,False
1e023a42-847d-4d00-aa9f-8ce666313ecf,минимум,40ad51b49892dca94b905eca8926568a,26,81,False
97b7a819-e36b-4817-84b0-ee9a9e17f98a,остаться,40ad51b49892dca94b905eca8926568a,33,97,False
02a92367-1983-40a3-833c-f04eb0a0f856,около,40ad51b49892dca94b905eca8926568a,18,65,False
47184fd1-6dd6-43d4-b9ba-1f6daec5df97,прекрасный,40ad51b49892dca94b905eca8926568a,16,90,False
3593fbb0-eb91-4eee-9d0f-e6bd81df781c,теперь,40ad51b49892dca94b905eca8926568a,26,64,False
19b98c83-8691-4306-8f78-9571bf01e948,нам,40ad51b49892dca94b905eca8926568a,13,51,False
a7e5880d-af7f-4836-8632-d1fe99d2f4d1,дать,40ad51b49892dca94b905eca8926568a,14,75,False
69b44099-fdb6-4f7a-b9fe-dd83e9f5ce2a,вас,40ad51b49892dca94b905eca8926568a,14,58,False
c0f7e022-418f-44bf-9827-6f8d9e5f7136,привезти,40ad51b49892dca94b905eca8926568a,13,56,False
3f0327b1-f140-4780-ad76-734befe4676a,позволить,40ad51b49892dca94b905eca8926568a,15,75,False
02705311-3526-4a15-aa8e-ada52fd280a5,слишком,40ad51b49892dca94b905eca8926568a,18,71,False
df99d640-481f-401d-af9c-9a1c2cb0ea95,наружу,40ad51b49892dca94b905eca8926568a,13,76,False
dab25ecb-11db-4a6d-bb48-daec4cd5cfb1,те,40ad51b49892dca94b905eca8926568a,13,66,False
9822f947-6a36-4652-a4e4-28fd630035f4,прийти,40ad51b49892dca94b905eca8926568a,15,75,False
22d33336-b510-43b8-ae2d-cebb0b689435,бы,40ad51b49892dca94b905eca8926568a,12,72,False
56b46f1e-d1a4-4c03-b928-de3481be6e8c,женат,40ad51b49892dca94b905eca8926568a,29,83,False
98af5baf-48b9-4681-ac58-534c4dcf71fc,вы,40ad51b49892dca94b905eca8926568a,10,53,False
b8054848-228f-4858-9a29-83b45272ff19,из-за,48bc83c415e12683f469d16027829654,41,127,False
a485ce90-9349-453b-85bd-63342c57e2d4,следовало,48bc83c415e12683f469d16027829654,32,109,False
3e7a3e0b-4ab3-44eb-81ca-79f688ccd14b,замужем,48bc83c415e12683f469d16027829654,39,125,False
aed6a2b3-5ef9-4d19-87a2-f261d3560bec,бы,3018b64d2c938f5b6a0826dfdf486f2c,18,67,False
3d2984f5-4ab4-4b2e-867a-6eddcde2c04e,её,3018b64d2c938f5b6a0826dfdf486f2c,19,73,False
d824921f-921d-4edc-ad22-bec89e697c80,от,48bc83c415e12683f469d16027829654,21,93,False
91a40131-f4b3-47c6-9d6b-5d40d5bebc9f,вас,48bc83c415e12683f469d16027829654,9,44,False
08db29f2-7d2b-4642-b50b-d81d38904c62,прийти,48bc83c415e12683f469d16027829654,23,97,False
eb5c55f9-b5f7-4370-bc5f-3109233cd958,вы,08b8fc47e7a869751c13f64a922e6c15,32,92,False
9cbfa240-948f-4fd1-894c-f3fb7af05f37,вам,08b8fc47e7a869751c13f64a922e6c15,13,59,False
a50d96d1-7806-4cf4-8b34-9ba30b1ffc66,привезти,08b8fc47e7a869751c13f64a922e6c15,31,108,False
9a4d96ff-e689-4a80-a804-f74cc8778824,те,08b8fc47e7a869751c13f64a922e6c15,25,100,False
0b96783e-662a-4fd2-ba7f-757bc45c05bf,прийти,324cdee3d2550397efb761d8fff48139,24,73,False
a1acbe89-07db-469a-8cfe-c7ec8d24d8be,вам,324cdee3d2550397efb761d8fff48139,25,70,False
95dfdaa7-943a-48fb-8b9f-2292fadcbb66,наружу,324cdee3d2550397efb761d8fff48139,12,59,False
3498f268-d7d3-49fe-92e5-28703d4c8c37,женат,324cdee3d2550397efb761d8fff48139,17,57,False
d68cd84c-3fc2-4264-ad09-284a3307b1dd,предложить,4fe3e5fa6670788d04a086330994c231,13,45,False
fab6de2d-a6d4-4b17-89c6-3ba9780b4e4f,остановить,96004c3e655c98e436ff552dbe51c3c8,116,180,False
f9315aa1-fd2b-4703-a363-386f41fa1fbc,им,96004c3e655c98e436ff552dbe51c3c8,19,119,False
0c694af3-7e3b-41b5-bb65-7411f47c1872,от,4fe3e5fa6670788d04a086330994c231,4,64,False
53d8bd97-b812-46bd-9c8e-908304ef71b0,этот,96004c3e655c98e436ff552dbe51c3c8,12,85,False
1f219260-b43d-480c-8aa7-f4ce8afdef27,позволить,4fe3e5fa6670788d04a086330994c231,18,49,False
d374a065-5575-4768-a052-0fbeae4253f4,подруга,96004c3e655c98e436ff552dbe51c3c8,32,102,False
22defbde-8c92-4adf-b7da-452e991f2af3,нам,4fe3e5fa6670788d04a086330994c231,10,40,False
1ddf2bb4-51cb-4b43-abac-e59e3fd21d7f,дать,4fe3e5fa6670788d04a086330994c231,16,49,False
468a9fb0-c10e-44a6-a1c7-4b5b6dc20701,минимум,96004c3e655c98e436ff552dbe51c3c8,16,80,False
1a4beaf3-7702-44fe-beed-e57a1cdc4a0b,замужем,96004c3e655c98e436ff552dbe51c3c8,11,87,False
18d0c649-3276-4fe3-a71f-db96684dbb26,что-нибудь,4fe3e5fa6670788d04a086330994c231,8,52,False
daa28ad3-58ac-4150-be6c-6511dba049e3,взять,96004c3e655c98e436ff552dbe51c3c8,19,62,False
005abd85-6b98-4e3a-9acf-c85977dcd00f,около,96004c3e655c98e436ff552dbe51c3c8,16,64,False
55befb06-af8a-4518-beb3-7e5603053074,слишком,4fe3e5fa6670788d04a086330994c231,12,52,False
18a3f04f-a46b-4ba6-951f-938c0f323d68,наверху,96004c3e655c98e436ff552dbe51c3c8,8,52,False
aab5c0bb-e797-4e2c-a93f-c4489dd8ba22,вас,4fe3e5fa6670788d04a086330994c231,10,46,False
bde4d239-c88f-411c-bb54-899c774aa5af,наверху,4fe3e5fa6670788d04a086330994c231,13,47,False
61baf5ac-cfde-4ef7-ab32-19af3203eafb,мать,7c989fdb633be7453228f7c650097205,25,60,False
354d1dde-5fe8-4759-9596-0b4710438009,меня,7c989fdb633be7453228f7c650097205,13,54,False
161d9b22-6c32-491b-a962-752315d72e2e,мать,9f9b13d8e63bd774b4ad1bd14f56147d,16,47,False
1797a997-19ec-483b-84b1-7f3c73cc2bfb,меня,9f9b13d8e63bd774b4ad1bd14f56147d,15,42,False
b77be29f-14c8-412a-97e8-7c99ec9b0477,вам,0ab4f8e463cdded2e59d6001f4e1b487,19,52,False
18e32edc-64e8-4658-9a13-fb740f9fd1d2,её,e4bd328bca8e6f51bd6f4f019692b666,0,49,False
fb6ccd7c-15d0-4244-9a22-d18bf0cefe2e,остановить,cc717ff5b84c06b903f2bd02898833da,21,84,False
0dbf5a9e-5ff7-45e6-8abb-d82d45631b82,позволить,cc717ff5b84c06b903f2bd02898833da,15,46,False
664e9a07-294c-4a8c-b4ba-1b9484fdaf3c,меня,12c7911f38c7113ce13c71dbd785ce22,12,50,False
f9dad5a6-6d2a-44a9-8f6d-b6874e390e20,мать,c80b4e57f158f28299b2a89694c42329,28,77,False
834a06ad-d4ea-4489-ac3a-fea461af51cb,мать,20f1589682a8e64769ae2ebc21b5fb6b,24,74,False
0755eca9-a8dd-4075-8e0b-194435b7f9a5,меня,ca6b767f0cccf093ba737ae2fc4fec3d,8,34,False
ce56ed7f-1f02-4aae-8545-6997f741a9b7,мать,feea6c22175f962ab28452f7314d1bc0,20,51,False
d2bd281b-2a0a-4497-9b80-ff58d0c5e768,меня,feea6c22175f962ab28452f7314d1bc0,12,44,False
